filename,Amplitude_Envelope_Mean,RMS_Mean,ZCR_Mean,SC_Mean,SBAN_Mean,SCON_Mean,MFCCs13Mean,delMFCCs13,del2MFCCs13,MFCCs20,Cry_Reason
02c3b725-26e4-4a2c-9336-04ddc58836d9-1430726196216-1.7-m-04-hu.wav,0.0033375898,0.00077547965,0.1566595262096774,1392.0522617871175,1019.5512677628184,24.26851446855225,-47.902756,-0.054188233,0.020002352,-32.12987,3
02ead89b-aa02-453e-8b83-6ebde9fe7551-1430233132879-1.7-m-26-hu.wav,0.023562545,0.006599074,0.0879345154494382,1067.229651058951,898.4060714189645,25.020522990463814,-32.301254,0.0023546969,-0.041558653,-23.761982,3
035c6b30-a145-42b9-8d0f-445cd9003d2c-1435948197257-1.7-m-04-hu.wav,0.35033798,0.109459095,0.20600677205023366,1810.6195375796399,849.0636064695984,27.2056322121081,-20.800545,0.045242608,-0.010588104,-14.902967,3
03abcb8f-400a-47d8-ad82-7e4586cc06be-1431864192133-1.7-f-48-hu.wav,0.5256002,0.2033755,0.12795155083955223,1269.5303382784382,850.5358237326027,28.638390578851865,-7.667355,0.07910054,0.0021492743,-6.0827804,3
03ADDCFB-354E-416D-BF32-260CF47F7060-1433658024-1.1-f-04-ti.wav,0.28443855,0.09552028,0.15968134631849315,1588.2762100860534,878.6840269204259,25.588937188456956,-23.352371,-0.012389252,0.014770306,-14.656188,4
045C5483-69E1-4BEC-B1D8-9286D174B9B2-1430102996-1.0-m-04-hu.wav,0.33211464,0.16818209,0.08054840509792627,1041.3714051325392,832.8088942952414,27.82184266139614,-24.21372,-0.014511081,-0.0052959113,-15.881127,3
04c3386b-e6bc-4bd0-8456-d46ae21a73fc-1435305829013-1.7-f-26-hu.wav,0.012889694,0.004579612,0.1311329029224537,1315.2572728549405,890.032083127494,25.599250699466864,-43.94285,-0.042128175,0.027008483,-28.6126,3
06c4cfa2-7fa6-4fda-91a1-ea186a4acc64-1430029221058-1.7-f-26-ti.wav,0.07780899,0.023828281,0.17559944315159576,1582.5822146004941,828.1025667613876,26.73645158841754,-38.055035,0.085153095,-0.012674935,-24.786436,4
06c4cfa2-7fa6-4fda-91a1-ea186a4acc64-1430029237378-1.7-f-26-ti.wav,0.02104713,0.0073576435,0.13657056514303484,1323.2219627160614,841.2331755118192,27.04077181061382,-36.93458,0.053917453,-0.044334505,-23.770239,4
06c4cfa2-7fa6-4fda-91a1-ea186a4acc64-1430029246453-1.7-f-26-ti.wav,0.07726733,0.026697427,0.12901418585526317,1285.3865637257134,815.931100689713,26.834167925540264,-31.588879,0.020186966,-0.03972916,-21.844393,4
0776b33b-c41a-4a2e-8b9c-f1c184be00c8-1437123838264-1.7-f-26-hu.wav,0.62239754,0.23596722,0.13898259943181818,1328.556941341453,735.082748998769,27.288230181586034,-14.103975,0.111435704,-0.015081573,-9.559072,3
08E9485B-2772-444B-A636-77E14DD14A8C-1431493441-1.0-m-04-hu.wav,0.40052712,0.1347159,0.15853500366210938,1484.1940689464768,879.2363068414254,27.617879557360133,-24.42592,0.03226968,-0.055992387,-15.406519,3
08E9485B-2772-444B-A636-77E14DD14A8C-1431493453-1.0-m-04-hu.wav,0.057854187,0.022052063,0.12124685513771187,1197.957044772171,873.3740864200594,26.511529968816387,-37.374817,-0.04162215,-0.022814317,-24.730776,3
090C15A8-5406-4EA5-97A3-81F6527227C0-1430147515-1.0-m-72-hu.wav,0.21872275,0.058003,0.17002370905748662,1574.3806352762697,905.9309341609217,24.96768906611642,-25.668015,0.04278702,-0.07054242,-17.512493,3
090C15A8-5406-4EA5-97A3-81F6527227C0-1430147525-1.0-m-72-hu.wav,0.19130215,0.062267557,0.1544410342261905,1435.4934592216034,887.2758950131114,25.370357119728126,-27.203325,0.07922762,0.016084539,-19.2522,3
090C15A8-5406-4EA5-97A3-81F6527227C0-1430147533-1.0-m-72-hu.wav,0.1542343,0.05536749,0.1063115368150685,1138.219768423072,825.4182068370405,25.383450689000934,-29.501984,-0.017124088,0.014322483,-20.224518,3
090C15A8-5406-4EA5-97A3-81F6527227C0-1430147582-1.0-m-72-hu.wav,0.05377562,0.021045951,0.09515352470930233,1162.9725338668927,862.8132683377651,26.379400700521668,-33.351322,0.020843094,-0.032058235,-23.148985,3
0a983cd2-0078-4698-a048-99ac01eb167a-1433917038889-1.7-f-04-hu.wav,0.2760683,0.11282026,0.17634409636699508,1601.5805794713403,901.612478378248,29.740146791296954,-25.939877,-0.0060409354,-0.010190671,-18.639002,3
0c8f14a9-6999-485b-97a2-913c1cbf099c-1430760379259-1.7-m-26-hu.wav,0.19840586,0.06730165,0.17355114674707603,1643.0880231455467,943.081696059804,26.269059321996167,-27.547068,-0.054132197,-0.060888905,-18.645231,3
0c8f14a9-6999-485b-97a2-913c1cbf099c-1430760394426-1.7-m-26-hu.wav,0.22185093,0.07782987,0.1719262560428177,1565.6010958656475,942.5156945170877,27.84163612606555,-23.87536,-0.008133218,-0.009495875,-16.419493,3
0D1AD73E-4C5E-45F3-85C4-9A3CB71E8856-1430742197-1.0-m-04-hu.wav,0.22040065,0.07983422,0.11584059858091787,1288.9145307211604,831.306243485166,27.1219609084489,-23.663977,-0.018889273,-0.028830715,-17.068977,3
0f257dac-7d6f-4575-9192-e3b4dcd3d4ef-1430185441581-1.7-f-26-hu.wav,0.23362526,0.059386894,0.11478735695422536,1120.0665465787101,928.5878562011688,25.75928302518143,-10.647608,-0.018622054,-0.034610372,-8.02757,3
0F4B1065-4012-47C8-88B7-ACE11B1A536E-1430038775-1.0-m-04-hu.wav,0.4073044,0.15365924,0.1289085105613426,1496.3317322340692,947.5134199943619,27.997414761868896,-15.003879,0.012578057,-0.017746128,-9.840707,3
101c6709-39fb-44dc-b905-7cbeed5714a2-1434361963544-1.7-f-04-hu.wav,0.032253172,0.009202453,0.20354140228426396,1733.3400279082048,1034.9573556925893,26.87203125553431,-34.70625,-0.03168784,-0.03358669,-23.631208,3
10A40438-09AA-4A21-83B4-8119F03F7A11-1430848034-1.0-f-26-hu.wav,0.2798246,0.106290825,0.13231530037100456,1387.4708170766808,870.7145461684801,26.14114062379136,-21.970732,-0.10131035,-0.022904566,-15.048828,3
10A40438-09AA-4A21-83B4-8119F03F7A11-1430848060-1.0-f-26-hu.wav,0.39003128,0.11588875,0.21442938288417432,1814.087777149455,975.4129800821196,25.20084317784924,-17.284185,0.03199709,0.005837726,-11.232564,3
10A40438-09AA-4A21-83B4-8119F03F7A11-1430848070-1.0-f-26-hu.wav,0.40289465,0.11502675,0.2589473637271689,2083.496295038265,966.662350557099,25.739849850531385,-15.88197,-0.0050094244,0.0071899956,-9.907193,3
10A40438-09AA-4A21-83B4-8119F03F7A11-1430848101-1.0-f-26-hu.wav,0.4307843,0.12512814,0.21262530322488585,1821.9104130008204,959.8266667455365,25.067246990213285,-17.1986,-0.05483833,0.00829371,-11.612628,3
10A40438-09AA-4A21-83B4-8119F03F7A11-1430925142-1.0-f-26-dc.wav,0.4025179,0.15725027,0.11380850205399061,1326.7364385537414,871.1518635292786,25.832888401173268,-19.75246,0.10462796,-0.027527701,-12.810899,2
10A40438-09AA-4A21-83B4-8119F03F7A11-1430925172-1.0-f-26-hu.wav,0.40735787,0.12985766,0.14044331395348839,1456.2028347792061,916.949389663024,24.845843009199935,-21.64708,0.034335487,-0.041686583,-14.569418,3
11417AC2-DCC9-48CD-8177-CA8665E51B2F-1436881489-1.1-m-48-hu.wav,0.11021051,0.031968225,0.1806060930365297,1592.4892470270022,1014.4024243332318,27.18575764112617,-22.624626,-0.03872664,0.025227495,-15.915466,3
11417AC2-DCC9-48CD-8177-CA8665E51B2F-1436881512-1.1-m-48-dc.wav,0.06632141,0.019548068,0.13171999857305935,1248.0440698672192,977.3409033716554,26.83956044200919,-26.382338,0.07874959,0.055639394,-18.527287,2
1259bcad-2308-46fa-9a36-b5d8f359886a-1430143617162-1.7-m-04-hu.wav,0.37480238,0.124010235,0.15035194925742573,1530.1828569202191,885.9111319449552,27.47694820017613,-24.760506,-0.052063715,-0.048321277,-17.648884,3
1259bcad-2308-46fa-9a36-b5d8f359886a-1430143644843-1.7-f-04-hu.wav,0.41004887,0.13935484,0.11440453740763547,1057.9010626187403,568.1144507168843,27.564075109189965,-24.026361,0.114260636,-0.05699836,-18.032825,3
1259bcad-2308-46fa-9a36-b5d8f359886a-1430143668806-1.7-f-04-hu.wav,0.21852048,0.06954422,0.10261843826970443,1002.8958411772619,640.6417587449201,27.149887470421316,-24.58265,-0.028611807,-0.006738167,-17.37969,3
1309B82C-F146-46F0-A723-45345AFA6EA8-1430059849-1.0-f-04-hu.wav,0.056587648,0.019205907,0.13610561144406394,1425.00485593755,966.8764670511274,26.77197405692219,-24.954287,-0.01949334,0.006634229,-18.86412,3
1309B82C-F146-46F0-A723-45345AFA6EA8-1430059864-1.0-f-04-ti.wav,0.06294966,0.02135065,0.1529345926084475,1569.624081224959,1014.965130645744,26.72594822664845,-23.391209,0.075073406,0.03786023,-17.201023,4
1309B82C-F146-46F0-A723-45345AFA6EA8-1430703937-1.0-f-48-dc.wav,0.39189374,0.10925062,0.17986188616071427,1768.0975673670882,971.0365745407843,26.93073840803583,-19.174416,0.10685706,0.00015111004,-11.857244,2
1309B82C-F146-46F0-A723-45345AFA6EA8-1430704008-1.0-f-48-dc.wav,0.13137276,0.034391455,0.15309690079599056,1519.975738978748,965.2129901641553,25.429917606500833,-29.228878,0.05816862,-0.0011922534,-20.5266,2
1309B82C-F146-46F0-A723-45345AFA6EA8-1431172241-1.0-f-48-ti.wav,0.21162622,0.07108452,0.08712548324742268,1173.2725366176278,860.096835481363,24.694929420238275,-27.78752,0.0029770937,-0.18908206,-19.48973,4
1309B82C-F146-46F0-A723-45345AFA6EA8-1432801693-1.1-f-26-dc.wav,0.38153267,0.118070096,0.13853788154069768,1405.761027398563,908.9594864315862,25.23539926893763,-21.329391,0.016131887,0.008484151,-13.557851,2
1309B82C-F146-46F0-A723-45345AFA6EA8-1432801703-1.1-f-26-dc.wav,0.53988343,0.16387111,0.1585152682648402,1567.7732378737846,909.6743188670546,25.752873960630016,-16.444103,-0.100941524,0.043188278,-9.645795,2
1445575b-80ad-477b-8e48-36194cac728e-1430244987914-1.7-f-48-hu.wav,0.114598885,0.033602662,0.08477694746376811,973.4263928794358,787.4765543494686,24.05362447767933,-26.076834,0.07155386,-0.010155174,-18.215971,3
177dc72e-d0f8-47ef-a5a7-3b46878e11a0-1430736358754-1.7-f-26-hu.wav,0.41442287,0.1458488,0.13474586795520233,1265.4641948688902,736.1235932693946,26.131646950022574,-23.192669,-0.052334744,-0.06438094,-15.232649,3
177dc72e-d0f8-47ef-a5a7-3b46878e11a0-1430736533767-1.7-f-26-hu.wav,0.4032173,0.11897806,0.14236318779904306,1422.3736218759573,868.9465995581927,26.176092318355945,-25.437716,0.035273764,0.0037019986,-16.689764,3
177dc72e-d0f8-47ef-a5a7-3b46878e11a0-1430736549614-1.7-f-26-hu.wav,0.57587105,0.17165981,0.10785435267857142,1220.2607490409928,834.8568193547842,27.07314477208225,-16.645601,0.034460217,-0.021833794,-12.250149,3
189b78c6-9e78-43f2-bcb8-6cc8a462f4dc-1430807938301-1.7-m-22-hu.wav,0.35337916,0.21315412,0.07674407958984375,985.2944281200207,788.0651174833569,29.385699864307828,-22.957584,0.09194758,-0.013008392,-14.838381,3
19aae3d1-51c6-4ffb-aeb8-efb6ae7ba83e-1436861395462-1.7-m-48-hu.wav,0.16926125,0.04113285,0.11047815393518519,1149.9277322386215,830.4889196190221,24.98534317263111,-25.964588,-0.0396134,0.0110907685,-18.13924,3
1abb2260-a652-4ba7-bd98-7d463312730f-1430041727150-1.7-m-04-hu.wav,0.45214516,0.19615066,0.10607718422774869,1272.4411592381161,914.7707793051861,31.664567204817367,-22.021555,0.008569096,0.0007567669,-12.2116,3
1b381a1e-88a6-4a48-b889-a5ccdf0aacaf-1430299568333-1.7-f-72-hu.wav,0.42125082,0.12272034,0.19220002003205128,1686.239852810566,865.4461610391784,27.34513526499296,-19.946808,0.07762726,-0.0043212757,-13.213637,3
1f40790f-68f2-4e7e-845e-715bd97c82d0-1429979568422-1.7-m-04-hu.wav,0.29815724,0.09318418,0.12381959192961164,1255.9362681105847,850.2379608335481,27.59349312264602,-17.695353,0.08733308,-0.015149257,-13.454424,3
1f40790f-68f2-4e7e-845e-715bd97c82d0-1429979603276-1.7-m-72-hu.wav,0.06435019,0.014280505,0.14977649806701032,1446.2911056911887,1115.2995003781884,24.631004004761024,-25.41169,0.016542153,-0.010972678,-18.518478,3
20E2B5A0-40A4-4FD8-8935-AFD1DB833510-1430127670-1.0-m-26-hu.wav,0.12886429,0.041167766,0.08608465325342465,1058.4694089602247,883.4386368031815,25.503071205583627,-17.962215,-0.027408725,-0.006148504,-14.26066,3
218e6fd7-f9c5-4490-afd7-c4fba174e7d2-1430209174300-1.7-m-72-hu.wav,0.18419045,0.05959076,0.0980959345379147,1145.7173463315264,910.1824331145971,27.131900567864133,-23.503874,0.06100749,0.0010647407,-16.223253,3
218e6fd7-f9c5-4490-afd7-c4fba174e7d2-1430209252819-1.7-m-72-hu.wav,0.0404918,0.0153167,0.0754194919418239,1031.3455996927228,955.3510611434742,26.34182468778697,-29.699467,-0.045237895,0.00746109,-21.58014,3
21c07aff-0a8d-4e74-ad5e-e3c7f7bcb11b-1430031235662-1.7-m-04-hu.wav,0.54673916,0.20501964,0.17065934806034483,1520.2384092267766,759.9391128843224,29.055994431625944,-22.705563,0.02764925,-0.07613828,-15.383994,3
21c07aff-0a8d-4e74-ad5e-e3c7f7bcb11b-1430105653796-1.7-m-04-hu.wav,0.37228858,0.10759762,0.14823083212209304,1434.4459639232102,809.1788585117737,26.2702000543238,-19.502455,-0.07281755,-0.013311132,-14.5393915,3
2294E2B2-8E36-4DA6-A898-B947CB9446AB-1436462707-1.1-m-26-dc.wav,0.16273001,0.055269748,0.1619780918337264,1455.2343617788438,899.4777750996464,26.02362070290901,-18.662714,0.019413255,-0.0223625,-13.788991,2
22b43570-d440-475b-b2f1-e528c81081f7-1430663490095-1.7-m-04-hu.wav,0.1571875,0.059269127,0.07215738531403941,820.810347728053,803.9168512347132,27.773077528423226,-15.117627,0.046329442,-0.0041259574,-11.869416,3
2439388A-9CF2-4D3B-9534-E6951FC9EAD4-1436877933-1.1-m-26-hu.wav,0.15030302,0.054136004,0.11918538411458333,1188.2907283554962,873.341619173544,23.469391522931833,-26.183144,0.16565558,-0.12044141,-18.919828,3
2439388A-9CF2-4D3B-9534-E6951FC9EAD4-1436877944-1.1-m-26-hu.wav,0.09527641,0.034981746,0.11303598430299538,1202.6730145401875,922.7169685007777,23.285244915151925,-27.497757,0.07616786,0.014879947,-19.83917,3
2439388A-9CF2-4D3B-9534-E6951FC9EAD4-1436877953-1.1-m-26-hu.wav,0.19171405,0.08535386,0.10348182091346154,1039.2219913037145,805.3984589491417,24.55352878894156,-25.107027,0.03616556,-0.024114527,-17.703775,3
24f2a4e1-7161-42a3-a2a2-a29a2422c0b8-1430814730789-1.7-f-26-hu.wav,0.024425345,0.006763738,0.1382114955357143,1277.1464907572401,945.9721062208532,22.872005958841413,-39.33177,0.10927208,-0.01860206,-26.795692,3
24f2a4e1-7161-42a3-a2a2-a29a2422c0b8-1430814741368-1.7-f-26-hu.wav,0.065267794,0.022324434,0.12381350015096618,1368.3057336976103,993.1373989361174,24.889000898988144,-33.813953,0.04520327,0.009413387,-22.42185,3
24f94b49-c8bc-4ed2-b43a-80b099f12936-1430534429690-1.7-m-04-hu.wav,0.25662538,0.077184476,0.10300800587871287,1118.9766966356128,832.4051897248822,25.99340708809806,-10.227184,0.020659445,-0.0105067585,-9.109226,3
24f94b49-c8bc-4ed2-b43a-80b099f12936-1430534715095-1.7-m-04-hu.wav,0.41291118,0.117080554,0.13179504695197045,1179.440705331602,849.3815665791221,26.19612791364761,-5.219991,0.12710367,-0.023138478,-5.532392,3
2562ad82-485a-44c2-ad25-f70fce71480b-1430045593479-1.7-m-72-hu.wav,0.49139103,0.18285565,0.1972838056848404,1629.1945174904752,840.1544205575282,26.080671904377954,-12.558747,-0.007166343,-0.0038189755,-9.316272,3
2602b7c2-e96d-42f6-9767-f1ae74925ef8-1431376228657-1.7-f-22-hu.wav,0.044807628,0.014489655,0.10264501031839622,1196.3864563653467,900.601927087911,25.60430529230067,-32.56809,0.06037232,-0.039187025,-23.03757,3
2a0e6a88-b049-4f46-a3d6-d73ffae470d5-1430770144865-1.7-m-04-hu.wav,0.06674681,0.018793589,0.0886852787990196,1045.6395167027667,900.2398113930328,26.893186195065535,-24.947363,-0.017782742,-0.016543351,-18.5676,3
2a0e6a88-b049-4f46-a3d6-d73ffae470d5-1430770161530-1.7-m-04-hu.wav,0.2820098,0.093720935,0.12807955600247525,1287.5255757904738,833.4691561252267,28.184409347014192,-20.890774,-0.028019905,-0.011781143,-14.038071,3
2ad6d558-32f2-4bfd-99c5-cbd31ee3bb11-1430064396119-1.7-m-72-hu.wav,0.11125256,0.033869203,0.09862299780150753,1072.6523910950789,842.7949888158196,27.614152841319477,-25.93197,0.041353546,-0.008495881,-17.435598,3
2e25d0a5-0b2b-44ef-8491-e445b16ea75c-1430056314272-1.7-f-26-hu.wav,0.02944542,0.0085858395,0.11439017789909639,1165.0335274731824,872.3448026558007,25.99383428870892,-39.878586,0.081497684,-0.020874845,-26.493084,3
2e25d0a5-0b2b-44ef-8491-e445b16ea75c-1430056332640-1.7-f-26-hu.wav,0.010316244,0.0033764646,0.15971398478403143,1406.039254448955,946.72181520438,27.11935961072248,-42.96795,0.007619717,-0.04081627,-28.667772,3
2EE636FB-BD76-4118-A0EF-82FAFC32301F-1436586600-1.1-f-04-hu.wav,0.13840817,0.043968745,0.09226508989726027,1164.0962143551187,928.8925638753545,26.952643460651124,-26.27647,0.0022114266,0.008748035,-17.95103,3
2F1C0515-EC8E-44C1-ABEA-E04EB475543A-1432143888-1.1-m-22-hu.wav,0.06879095,0.03202385,0.09157151442307693,1152.3459790991747,960.4601818050154,27.87419891835868,-38.358135,0.11411053,-0.02984459,-24.119244,3
3030d0e9-0c9b-4616-9b83-f10dc2dedbfd-1430053447333-1.7-m-26-hu.wav,0.4932872,0.1569844,0.1584386777638191,1485.0553147768585,835.1426441840164,27.812056808869457,-17.619482,0.113224566,-0.021044984,-11.819425,3
3030d0e9-0c9b-4616-9b83-f10dc2dedbfd-1430053456045-1.7-m-26-hu.wav,0.13763152,0.037216417,0.07807592650753768,872.8485963909322,682.3448976197263,26.99643008956985,-21.79332,0.039999284,-0.021051496,-15.784247,3
3030d0e9-0c9b-4616-9b83-f10dc2dedbfd-1430053464739-1.7-m-26-hu.wav,0.07489567,0.023053646,0.053104285037878785,732.7420978238616,712.4530073567761,27.20426978032422,-23.50671,-0.003673595,-0.038549576,-17.9628,3
3030d0e9-0c9b-4616-9b83-f10dc2dedbfd-1430053594259-1.7-m-26-hu.wav,0.1194356,0.03846343,0.11125587930484694,1241.3027125918247,862.4700881916764,27.569866645078502,-23.558825,0.06023278,-0.0034762102,-16.802189,3
3030d0e9-0c9b-4616-9b83-f10dc2dedbfd-1430326171876-1.7-m-26-hu.wav,0.11425833,0.028436631,0.20174870466321243,1720.8386378945727,913.5541725087492,26.663810213923647,-30.771124,-0.06962237,-0.060456935,-20.094137,3
30c2cee4-b682-4dcb-86b9-7fa6f36f1b66-1430728411287-1.7-f-72-hu.wav,0.32566214,0.10723759,0.19159639798677885,1734.9565411764381,879.1536568998173,26.296032092956555,-26.56255,0.054804876,0.0078743305,-18.07957,3
31e785de-b0c9-464f-88e2-bd8f1dd5cda4-1433403682898-1.7-m-04-hu.wav,0.42595512,0.1643933,0.17543395136443662,1659.2526695605989,764.6133236940353,29.063000912060094,-22.396873,-0.028362501,-0.04396568,-16.515404,3
323cab80-2551-4a46-8c3d-62c7a5264afa-1430382588301-1.7-m-22-hu.wav,0.38894832,0.1462803,0.1807758652161215,1728.7604701804844,862.139435203356,28.438684657519048,-22.275265,0.062810265,-0.0089409,-13.96651,3
35D58153-7AB7-443D-BED0-2D7ABF73743F-1431855847-1.1-m-04-hu.wav,0.6326896,0.1957836,0.2367210210755814,1966.2205106350934,830.7468553412863,25.256965182532014,-14.335883,0.016303197,-0.03596563,-9.9021015,3
36f1b3ec-3d2a-470e-af6f-0a8cc11b2723-1430237012976-1.7-m-04-hu.wav,0.18558355,0.08927738,0.15342852618243244,1460.0334396951957,745.3339787227656,26.78991348838939,-28.663198,0.012758394,-0.018563358,-19.443352,3
37105492-58b1-432e-a1ce-ea154425abab-1430744728397-1.7-f-26-hu.wav,0.047316995,0.013082873,0.1330821478544776,1223.9023559950974,729.093082324548,25.206720481758367,-39.74051,0.07344623,-0.029706081,-27.278349,3
375308C6-F894-49A5-B246-8C2819E9C6ED-1430416651-1.0-m-04-hu.wav,0.037854183,0.011458409,0.1389990234375,1376.3430572553357,948.699574632239,26.60113874454304,-37.327724,0.028819399,0.017713418,-25.074781,3
376C006E-3664-4056-80D0-7661F631A062-1436930593-1.1-m-26-hu.wav,0.22917938,0.070292674,0.13266499837239584,1485.1650355074573,950.8403634244928,26.221026438499127,-20.429731,0.023536362,-0.013537196,-15.545269,3
39180491-e076-4300-b5de-24e812dca6fe-1435708371348-1.7-f-04-hu.wav,0.1422974,0.04552375,0.14396848516949154,1431.3449371742338,968.1365825327822,28.25004834552277,-26.843018,-0.008698153,-0.03657808,-17.019915,3
3941D08C-5A97-48A4-8830-091D878137F6-1430099813-1.0-m-72-hu.wav,0.4557237,0.18653212,0.1556328667534722,1544.710768834611,873.2004455895978,25.662282285233193,-17.15944,0.08041195,0.0105306795,-10.316431,3
3941D08C-5A97-48A4-8830-091D878137F6-1430099826-1.0-m-72-hu.wav,0.56515616,0.20739914,0.1555944991438356,1570.1666824379317,893.4463349635225,26.25571978068641,-13.434607,-0.018021192,-0.0116618145,-7.8889036,3
3bb2445a-9ae9-4dc8-9a2e-86c696ffa405-1430122005544-1.7-m-26-hu.wav,0.4763433,0.118961066,0.13846785137910797,1394.3074544422368,927.3793500728076,26.1899963678531,-16.467073,0.119299494,0.017603952,-12.2400255,3
3bb2445a-9ae9-4dc8-9a2e-86c696ffa405-1430122381138-1.7-m-26-hu.wav,0.13940473,0.034623373,0.12043059593023256,1279.2410542191806,961.9568692675521,27.240704713467228,-19.898508,0.09144575,-0.005782284,-15.250988,3
3bb2445a-9ae9-4dc8-9a2e-86c696ffa405-1430122479873-1.7-m-26-hu.wav,0.11460798,0.040405154,0.101583526465311,1113.6937802072507,878.2710220489273,28.163737868097115,-23.32609,0.038965404,-0.0049870834,-17.008383,3
3bb2445a-9ae9-4dc8-9a2e-86c696ffa405-1430123758633-1.7-m-26-hu.wav,0.24497013,0.08097184,0.14801280886627907,1450.2948107823875,899.115113115218,27.753806816583324,-20.367023,0.021957906,-0.0060360357,-14.827795,3
3bb2445a-9ae9-4dc8-9a2e-86c696ffa405-1430124221551-1.7-m-26-hu.wav,0.35944456,0.107520655,0.20180457746478872,1744.221688252366,869.2596282783567,26.32266016756705,-19.308939,0.036019254,-0.011577517,-14.053283,3
3bb2445a-9ae9-4dc8-9a2e-86c696ffa405-1430142760958-1.7-m-26-hu.wav,0.25599998,0.08498112,0.1775538729265403,1613.7520273854495,877.2293567215117,28.119200954362125,-23.47574,0.04837203,-0.03199607,-15.856521,3
3bb2445a-9ae9-4dc8-9a2e-86c696ffa405-1430142784308-1.7-m-26-hu.wav,0.5391743,0.16213956,0.23306603946596244,1927.2264802984537,871.3339210686689,27.479069667818806,-19.898813,0.05308542,0.0035043794,-13.15811,3
3bb2445a-9ae9-4dc8-9a2e-86c696ffa405-1430146536552-1.7-m-26-hu.wav,0.28496373,0.07874089,0.2064443955399061,1746.361482067357,927.3655732140373,27.01567984290665,-23.102705,0.076677,-0.026297662,-15.235651,3
3BF71DAF-2A9E-4355-89D3-41AC37E94083-1437281306-1.1-f-26-hu.wav,0.031768188,0.009151766,0.1385581656678082,1390.0238207920386,1004.2811329191727,25.868393811304983,-34.143368,-0.016154304,0.060604993,-24.00793,3
3c0b4e07-33ec-4d68-a6b2-5f5dcb8cff8e-1430070829977-1.7-m-26-hu.wav,0.23370284,0.07637456,0.11693988818127962,1251.3730121543008,908.1508998250348,28.281061313824612,-18.9146,0.044661004,-0.033546574,-12.543234,3
3c51dedc-6e4c-47dd-a179-86a25e95f1ef-1430651019625-1.7-m-04-hu.wav,0.57000154,0.2150613,0.13377537237149534,1242.5688071661914,673.0842345885989,28.63379883935418,-21.540508,0.017429858,0.0019333073,-13.438293,3
3c51dedc-6e4c-47dd-a179-86a25e95f1ef-1430651049104-1.7-m-72-hu.wav,0.5725519,0.21437019,0.11322780628109452,1058.7686527333763,694.6155256022946,29.25340449778243,-20.37834,0.052536722,-0.04308014,-12.602319,3
3d3e244d-20b1-4ec3-9732-92dcd14ff35a-1436961241219-1.7-m-72-hu.wav,0.6165559,0.16206485,0.046689789870689655,584.0259702863416,610.3417069318292,23.86049356115907,-0.9832423,0.0493078,-0.044182487,-2.7931464,3
3DF341FA-E90B-4335-A51A-A9B0769150CE-1436859277-1.1-m-04-hu.wav,0.15019824,0.05738031,0.1765749857305936,1591.5631173344134,972.7132843257663,25.928988020609612,-23.268423,-0.003211863,-0.009040736,-16.25954,3
3DF341FA-E90B-4335-A51A-A9B0769150CE-1436859328-1.1-m-04-hu.wav,0.12879592,0.044846836,0.1528587863869863,1483.1031827149216,971.4763224638922,26.93194924421012,-23.026352,0.022203736,0.007930719,-15.981546,3
40a4c760-facf-4911-b0a6-22eccc3ab18d-1430466164038-1.7-f-26-hu.wav,0.19922139,0.05162653,0.15789473684210525,1521.7985034228104,1127.2343706773358,26.08374146036949,-14.629359,0.017354853,-0.012656493,-11.146668,3
40a4c760-facf-4911-b0a6-22eccc3ab18d-1430466176951-1.7-f-26-hu.wav,0.13508186,0.044150848,0.11578944943985849,1340.7889130011492,1102.24212267931,26.49832600388481,-15.834973,0.030647494,-0.021498673,-12.295034,3
40a4c760-facf-4911-b0a6-22eccc3ab18d-1430466393384-1.7-f-26-hu.wav,0.49289495,0.22222972,0.10662930253623189,1382.8902348161469,1070.5180238472253,28.864755490309086,-15.65688,0.03014189,0.024483314,-10.896846,3
40a4c760-facf-4911-b0a6-22eccc3ab18d-1430477691332-1.7-f-26-hu.wav,0.56328106,0.16256759,0.17039864018278303,1483.5187371580166,945.5261894981601,26.576486871660876,-8.974737,0.05999273,-0.0339551,-7.351566,3
40a4c760-facf-4911-b0a6-22eccc3ab18d-1430477717469-1.7-f-26-hu.wav,0.7480012,0.24826711,0.2625916678950472,2081.8290911387994,955.3238749961353,27.01392066346459,-11.10941,-0.0042867563,-0.027952673,-7.6997447,3
40a4c760-facf-4911-b0a6-22eccc3ab18d-1430477726097-1.7-f-26-hu.wav,0.76450926,0.24768881,0.26257784861438677,2076.0879579199527,960.2209461996252,27.530981301647486,-12.539899,0.07548169,-0.019367985,-8.377119,3
40a4c760-facf-4911-b0a6-22eccc3ab18d-1430477756469-1.7-f-26-hu.wav,0.5904635,0.18241467,0.3016541678950472,2202.429065647374,1065.9252151575874,27.54560468486534,-12.774041,0.059959903,-0.04549083,-8.695217,3
40a4c760-facf-4911-b0a6-22eccc3ab18d-1430477780076-1.7-f-26-hu.wav,0.7151612,0.18167987,0.23680020734597157,1883.7605330093877,1047.8910604388695,26.126610232797265,-10.617965,0.04091837,-0.04904362,-7.8254747,3
415d69b4-6d84-4bf8-97b0-10f8f108dc1d-1430739498797-1.7-m-04-hu.wav,0.030265663,0.008048807,0.15274450913915094,1355.211147549017,916.7744478396693,25.912516314027606,-26.74712,0.03134225,-0.03015575,-18.699533,3
415d69b4-6d84-4bf8-97b0-10f8f108dc1d-1430739528719-1.7-m-04-hu.wav,0.017427653,0.0049147434,0.16366865050117924,1417.5941484288228,881.4530249184046,25.63512141183791,-31.931541,0.036218356,-0.037485085,-21.939125,3
42ec6f14-6ba6-457f-8a80-101ee201195c-1431345009828-1.7-m-22-hu.wav,0.0079399,0.0013743028,0.1977563723169192,1553.24537931166,891.2832745184861,24.198626077579426,-41.78941,0.013490822,-0.02823507,-28.37593,3
459c3f85-5710-4efa-bcc9-8012aa1af55e-1430034880215-1.7-f-48-hu.wav,0.062725626,0.015912183,0.20034457982512954,1694.2142863797694,944.3350202455971,26.600201865191217,-31.778778,-0.06415328,-0.011135152,-22.115002,3
459c3f85-5710-4efa-bcc9-8012aa1af55e-1430034895673-1.7-f-48-hu.wav,0.17482817,0.057017557,0.19952392578125,1731.8265746989337,785.695587648736,27.001163718671307,-27.77237,-0.044611584,-0.01820949,-18.825506,3
46002244-7304-45DC-BF69-B6EC2BB25009-1436902364-1.1-f-48-hu.wav,0.03134792,0.008690171,0.13541590610397197,1395.8055457676833,906.1393006642137,24.958553794372847,-36.293243,-0.025493257,-0.007579073,-25.151894,3
4be720ce-a5e5-4a48-930f-a212f8a239f6-1434737668804-1.7-f-48-hu.wav,0.030858753,0.008479681,0.11755741003787878,1212.618563142894,900.9385685482862,24.564681917481888,-34.24801,-0.0017492417,-0.0050084796,-24.383322,3
4be720ce-a5e5-4a48-930f-a212f8a239f6-1434737694572-1.7-f-48-hu.wav,0.0585374,0.018920971,0.13656107584635416,1352.5815155875973,961.8725655910408,25.22084100323361,-34.38254,0.13916612,0.00863168,-23.959372,3
4be720ce-a5e5-4a48-930f-a212f8a239f6-1434774932733-1.7-f-48-hu.wav,0.11780108,0.035575237,0.18032491148399016,1607.1648478801196,743.3715603449284,27.047206403724513,-32.1511,0.013165492,-0.030301776,-21.135218,3
4be720ce-a5e5-4a48-930f-a212f8a239f6-1434774947458-1.7-f-48-hu.wav,0.125383,0.047187958,0.12340269697473404,1294.6570460815035,767.1382160949238,28.050442504617138,-30.336802,0.030391065,-0.031371284,-19.579935,3
4CD5903D-E2CE-401E-B898-D873C763F44B-1430727644-1.0-m-26-hu.wav,0.04914592,0.015815593,0.14136207217261904,1374.3904528482956,946.9139220716871,24.446817678938487,-33.824554,0.017196385,0.034042284,-23.362123,3
4CD5903D-E2CE-401E-B898-D873C763F44B-1430727653-1.0-m-26-hu.wav,0.06331936,0.01884533,0.1476014019691781,1466.4082569661955,948.8801676581279,25.806248817743523,-32.418507,-0.061574634,-0.02615641,-21.825909,3
4cefc13c-e7c0-4b5a-bddb-c40c103e640a-1431583459308-1.7-f-26-hu.wav,0.17761303,0.07896989,0.12367415602189781,1244.6281088628323,764.1495948982755,29.27183594270688,-29.567955,0.010812992,-0.04422034,-20.255129,3
4cefc13c-e7c0-4b5a-bddb-c40c103e640a-1431583470764-1.7-f-26-hu.wav,0.17066978,0.075437054,0.11019269587320574,1245.6602941356289,898.0235863523131,28.588176218163316,-29.196032,0.041631855,-0.005116656,-20.09627,3
4D43D6CD-C084-4081-ABF3-8B25951B2D75-1430146631-1.0-m-04-hu.wav,0.11894949,0.0472109,0.14708859517694065,1406.0087955511217,884.698847988171,26.69113106100475,-30.642683,-0.041227505,0.011126109,-20.422272,3
50DC5FBC-AC95-44F2-B55F-E4E5FB03AC96-1430007656-1.0-m-26-hu.wav,0.13206762,0.044073023,0.14562120482819904,1510.6948841692229,789.0705495398512,26.69977488088601,-28.215637,0.017400082,-0.02263497,-18.128307,3
50DC5FBC-AC95-44F2-B55F-E4E5FB03AC96-1430007668-1.0-m-26-hu.wav,0.1876775,0.072461106,0.1553001926369863,1481.7715949014098,847.9737895229845,25.90358647935308,-27.606873,0.045530297,0.014894349,-17.753397,3
50DC5FBC-AC95-44F2-B55F-E4E5FB03AC96-1430007691-1.0-m-26-hu.wav,0.22675341,0.06607338,0.193138645119863,1691.3459365566964,815.7975890188058,25.23715350880431,-25.43935,0.063832164,0.08396581,-16.955019,3
50DC5FBC-AC95-44F2-B55F-E4E5FB03AC96-1430108024-1.0-m-26-hu.wav,0.23967358,0.06802818,0.23027024313668223,2010.4715493592953,951.7486955174181,26.229705468196176,-20.680967,0.104596235,-0.0218415,-12.657746,3
52dfc27a-fbc4-4d9f-bbcf-6406c919324a-1430041644396-1.7-m-26-hu.wav,0.05010527,0.013772172,0.12285202098004695,1249.8127319395458,845.9410137939152,24.980008118461853,-36.85331,0.030634766,-0.00612887,-24.775635,3
52dfc27a-fbc4-4d9f-bbcf-6406c919324a-1430041657947-1.7-m-26-hu.wav,0.4285323,0.1459779,0.1709689380013369,1598.2375767788399,796.8513590653721,26.417432894157407,-26.49146,-0.038692094,0.0010936279,-17.161312,3
539FDD32-6326-422E-A707-FCF063D3426C-1437073534-1.1-f-26-hu.wav,0.37465405,0.115255676,0.12803743031103287,1423.0569433574012,987.2562455972617,28.727329106214107,-17.528507,0.058958836,0.0010127584,-13.790233,3
539FDD32-6326-422E-A707-FCF063D3426C-1437073544-1.1-f-26-hu.wav,0.40054083,0.19843872,0.07478886609636871,1138.5059281106373,886.1215227199349,29.183149318433596,-17.003325,-0.023803813,0.0049388707,-13.059284,3
549a46d8-9c84-430e-ade8-97eae2bef787-1430130669340-1.7-m-48-hu.wav,0.005889755,0.0017233826,0.158380126953125,1448.2829686654175,985.8045308186138,24.890349456625376,-50.49725,-0.008885436,-0.01982423,-32.952896,3
549a46d8-9c84-430e-ade8-97eae2bef787-1430130686288-1.7-m-48-hu.wav,0.009783797,0.0026699312,0.14555882695895522,1334.8163505303341,833.8243007423526,25.171307198527767,-46.04257,0.057048857,-0.044232223,-30.223516,3
549a46d8-9c84-430e-ade8-97eae2bef787-1430130702316-1.7-m-48-hu.wav,0.08385906,0.03356267,0.1339501953125,1345.933948750266,739.9349009855017,29.157892775452897,-35.133694,0.078526564,0.0008137945,-21.540705,3
549a46d8-9c84-430e-ade8-97eae2bef787-1430130714659-1.7-m-48-hu.wav,0.03070195,0.009808518,0.12173655063291139,1223.4941808273704,724.9730620598075,27.653315327838094,-42.68008,0.076347396,-0.035231493,-26.463442,3
549a46d8-9c84-430e-ade8-97eae2bef787-1430130760929-1.7-m-48-hu.wav,0.049776807,0.015286751,0.176885403580402,1565.310426229859,850.8157494999041,26.67220994672973,-41.828667,0.008107605,-0.011471725,-26.511776,3
549a46d8-9c84-430e-ade8-97eae2bef787-1430130772174-1.7-m-48-bp.wav,0.05794515,0.021335896,0.1443487610479798,1383.9337693778064,802.3381641089615,26.82078013014417,-37.626347,0.046248537,-0.0011833056,-23.75422,0
5728DDD6-149B-412F-A14B-C29B9B5E415F-1432635035-1.0-m-26-hu.wav,0.1272769,0.04859116,0.11041176155821918,1221.189168068934,869.5558477203757,27.69943621587361,-24.471891,0.06001184,0.008243821,-17.439796,3
5728DDD6-149B-412F-A14B-C29B9B5E415F-1432635047-1.0-m-26-hu.wav,0.278996,0.09114019,0.13510675299657535,1331.4589023740073,828.0023190546248,26.69801273847319,-19.033112,0.019979343,-0.0011027902,-13.590723,3
5728DDD6-149B-412F-A14B-C29B9B5E415F-1432635069-1.0-m-26-hu.wav,0.16714306,0.058769815,0.11987862086187215,1270.736132807636,877.9849077919094,26.351564097124097,-21.301523,0.10366757,-0.037775055,-15.694585,3
5afc6a14-a9d8-45f8-b31d-c79dd87cc8c6-1430757039803-1.7-m-48-bu.wav,0.5967913,0.18742457,0.2827401432966321,2241.2880932402754,857.779921968753,27.14496115940752,-18.313063,0.015227692,-0.018224534,-12.715111,1
5afc6a14-a9d8-45f8-b31d-c79dd87cc8c6-1430757081034-1.7-m-48-hu.wav,0.4117278,0.14960098,0.18617010835427136,1760.4677977102415,944.3686092821525,28.748347858183312,-18.334557,-0.048470825,-0.00078881416,-12.904964,3
5B416CE8-2591-4531-9ADC-86D085B5D48B-1430144827-1.0-m-48-ti.wav,0.058413617,0.01848316,0.09561840039954338,1028.7361731549536,796.151259982279,25.841404030326423,-28.577269,0.0058593443,0.013641647,-21.23102,4
5b49f19f-a3a7-411e-bb32-755da3cbd6f0-1430029991480-1.7-m-48-hu.wav,0.3823489,0.11926674,0.13844292015550239,1390.9126427082253,831.8294233285043,27.505571494928244,-13.678152,0.065958194,-0.016488858,-9.556415,3
5C2F730C-9721-40B7-A2D8-C257DB518978-1429966327-1.0-m-04-hu.wav,0.24799484,0.07269111,0.1484521484375,1561.3394613041269,1014.4303341431955,26.752046776901086,-23.700377,-0.14246163,-0.1548225,-14.236004,3
5C2F730C-9721-40B7-A2D8-C257DB518978-1429966336-1.0-m-04-hu.wav,0.18639226,0.051166043,0.1247341900887574,1463.5483543461862,1074.5782469048568,26.528736616318625,-23.151646,-0.059235655,-0.02867532,-16.973011,3
5E01DC60-1DE3-4AF9-A661-7F649EAE457D-1430141106-1.0-m-26-hu.wav,0.12709177,0.040222604,0.15008294092465754,1432.363682075773,935.8139035757515,23.796645933891348,-29.121542,0.056222137,0.015485869,-20.097116,3
5f0a1ed4-ee2c-493c-bc00-6b56aad78a72-1430933240505-1.7-m-72-hu.wav,0.026293673,0.007348665,0.190498046875,1633.4717756626612,944.763563079507,26.235740606090538,-37.839104,-0.06364319,-0.021092381,-25.518637,3
5f651112-d2a3-4911-b3a5-f37bfc092494-1430734658837-1.7-m-72-hu.wav,0.36770406,0.17109545,0.07502761994949494,1034.0696704366383,844.661681539609,28.53750041806778,-22.041624,0.082637236,-0.048238944,-13.510306,3
602b06a7-31f0-4370-b35a-9cc81d205958-1430739585531-1.7-m-04-hu.wav,0.5705691,0.16865483,0.07525516633064516,943.9178622907914,711.3590264439748,26.185355456778012,-17.446377,-0.02813502,-0.01999312,-11.71311,3
602b06a7-31f0-4370-b35a-9cc81d205958-1430739609286-1.7-f-72-hu.wav,0.81414956,0.4070817,0.07488824903350516,887.8559008336938,572.153357901652,27.872066301347566,-16.196606,-0.056479596,-0.015241283,-13.518745,3
602b06a7-31f0-4370-b35a-9cc81d205958-1430907796431-1.7-f-72-hu.wav,0.15762307,0.058353696,0.11247794858870967,1191.8371359676717,835.7776732144259,26.27014596457794,-29.733265,0.030541653,-0.04457228,-20.08878,3
63CA92F7-973A-4DCA-A410-7B19811A2478-1430041884-1.0-f-26-hu.wav,0.02471696,0.006718552,0.12674170425257733,1364.3940107894937,961.0984493919967,23.18809654307712,-38.625816,-0.011249365,-0.0037716527,-26.388477,3
63CA92F7-973A-4DCA-A410-7B19811A2478-1430041902-1.0-f-26-hu.wav,0.026684783,0.007897928,0.12087033829599056,1320.3466745046487,980.9538195099852,23.046754863046456,-41.67597,0.036090303,-0.06883785,-28.491665,3
643D64AD-B711-469A-AF69-55C0D5D3E30F-1430138495-1.0-m-72-bp.wav,0.0184579,0.0070154285,0.10964490420854271,1224.592703160235,943.4102041837051,26.598883884861195,-37.814056,0.023310281,0.0016292381,-25.224325,0
643D64AD-B711-469A-AF69-55C0D5D3E30F-1430138506-1.0-m-72-bp.wav,0.046345204,0.012602947,0.11536938364055299,1244.652202092463,941.45797625594,24.806875058234482,-34.21886,-0.0033460108,0.011669401,-24.00622,0
643D64AD-B711-469A-AF69-55C0D5D3E30F-1430138514-1.0-m-72-bp.wav,0.079186514,0.021315264,0.12390761264534884,1286.3378998510962,908.1385495805314,24.50699795780662,-32.34297,-0.00089409424,-0.0026161128,-21.876307,0
643D64AD-B711-469A-AF69-55C0D5D3E30F-1430138524-1.0-m-72-bp.wav,0.13352604,0.041806772,0.11277067280251142,1238.4312752686674,977.1120297095234,24.866229042214588,-25.442835,-0.0018941221,0.0075440574,-18.396877,0
643D64AD-B711-469A-AF69-55C0D5D3E30F-1430138536-1.0-m-72-bp.wav,0.09980214,0.023642592,0.15823448251146788,1529.33446760187,994.2350958440509,24.902871251046843,-30.90413,-0.009374795,-0.005803569,-20.575481,0
643D64AD-B711-469A-AF69-55C0D5D3E30F-1430138545-1.0-m-72-bp.wav,0.07168048,0.024739726,0.0997124068233945,1203.0479386257102,985.3834728276444,26.54415564335353,-33.40722,-0.033597004,-0.011289055,-21.372416,0
643D64AD-B711-469A-AF69-55C0D5D3E30F-1430138591-1.0-m-72-bp.wav,0.24578907,0.10842791,0.049072265625,687.7849595879253,623.4718466363096,27.120448302109008,-31.356781,-0.12958401,-0.1310578,-17.506256,0
643D64AD-B711-469A-AF69-55C0D5D3E30F-1430138647-1.0-m-72-bp.wav,0.08335241,0.028028917,0.10307754088785047,1392.5345015984885,1117.0025305188137,26.630240689559727,-32.82711,0.038060997,-0.018188953,-20.051157,0
64acb345-a61e-4ef3-a5a6-cf83c04b83f1-1430045478300-1.7-m-72-hu.wav,0.48068228,0.20913313,0.09576628575870647,1011.6439166458603,735.0910047722903,27.329906898411263,-17.101612,0.037680805,0.018246787,-13.163351,3
64acb345-a61e-4ef3-a5a6-cf83c04b83f1-1430058973897-1.7-m-72-hu.wav,0.48805,0.18655714,0.12421806708916083,1298.2368736181586,914.4981558881719,27.063289816154946,-17.359327,-0.04025945,-0.0026586666,-13.662501,3
64acb345-a61e-4ef3-a5a6-cf83c04b83f1-1430058990597-1.7-m-72-dc.wav,0.41487876,0.18012066,0.134024064171123,1261.3161448179028,788.816890209211,26.78261298949202,-18.379883,0.013300188,-0.023131544,-13.724877,2
64acb345-a61e-4ef3-a5a6-cf83c04b83f1-1430059012473-1.7-m-72-dc.wav,0.845694,0.39521286,0.1534760346283784,1499.1621092077169,695.0826015756412,27.772831380433466,-16.711422,0.012817084,-0.03244719,-11.904097,2
653bf718-94bd-40d0-af7c-8fe44e07640c-1430759214066-1.7-m-04-hu.wav,0.11075991,0.043129686,0.08665650755494506,968.4426782513966,762.956127875133,28.37943311746038,-28.711294,0.049038973,-0.029524552,-19.904,3
653bf718-94bd-40d0-af7c-8fe44e07640c-1430759231913-1.7-m-04-hu.wav,0.29477572,0.09125715,0.1395703125,1298.2090588542144,807.921672121152,26.117080380795006,-19.660112,0.06940648,0.013187478,-14.036981,3
6639C63C-F634-489C-91B3-E3DB5930EFD5-1431370257-1.1-m-04-hu.wav,0.30381155,0.1331321,0.07126018565188172,1026.8374348853388,821.5891193801388,27.596141165343486,-27.211035,-0.019579345,-0.01804176,-16.59126,3
6639C63C-F634-489C-91B3-E3DB5930EFD5-1431370278-1.1-m-04-hu.wav,0.28547892,0.12235178,0.06521045918367346,922.921174944932,755.2619874137876,27.949869568367944,-27.371387,-0.016823823,0.031598788,-16.046766,3
665BDF6D-2897-49F9-8AD0-978B3B2A0468-1430530218-1.0-m-26-dc.wav,0.028029678,0.006362313,0.12921427789135514,1296.405726059522,933.8691499336725,23.687809346956872,-35.310997,-0.029770343,-0.0048419726,-25.867817,2
67414C5E-0EB2-48FD-8391-FCF085FDB6D9-1430050964-1.0-m-04-hu.wav,0.35219145,0.13701224,0.11206993689903846,1283.8348269690835,835.0480468148279,27.230429559769814,-21.199495,-0.014306125,0.011465251,-13.678862,3
69374818-7b73-48ac-8200-e6a225e293fb-1430746080630-1.7-m-04-hu.wav,0.62095165,0.20634718,0.1260350545247396,1328.3785844268957,796.114136554399,29.286018466998378,-18.489344,0.046498954,-0.0058200643,-11.36227,3
69374818-7b73-48ac-8200-e6a225e293fb-1430746091424-1.7-m-04-hu.wav,0.25909954,0.08596492,0.11961846173128342,1227.7229746167795,801.8619967500751,27.260073731909053,-24.929396,0.036674026,0.012037592,-16.447027,3
69BDA5D6-0276-4462-9BF7-951799563728-1436936185-1.1-m-26-bp.wav,0.46758476,0.19282344,0.11473647244458128,1305.4474303832792,872.1517118507694,27.13908392167467,-18.796896,-0.11100313,-0.007986,-10.969178,0
6bd76f21-f279-4c46-9453-58c95e7b2475-1430767927715-1.7-m-72-hu.wav,0.14033808,0.052270804,0.06464518229166667,807.3025495193741,560.6406832529206,28.74128868853986,-32.09294,0.026323028,-0.016025566,-20.8118,3
6d922623-8424-4625-be4c-4964e0c9e25c-1434898452774-1.7-m-04-hu.wav,0.17059956,0.055413377,0.055758416364734296,683.4903445515474,644.6751949165733,28.18122629543359,-19.223219,0.01639674,0.0055908663,-14.926516,3
7060a4f6-4c0c-494b-912c-ae60158b185a-1436931995150-1.7-f-04-hu.wav,0.09951158,0.04808126,0.048660506063432835,789.2626403111815,775.8771585729212,28.71908859090437,-18.36056,0.035760574,-0.005361922,-13.06144,3
70d30513-0ec3-49e4-9976-e85785e85c2d-1431033372810-1.7-m-04-hu.wav,0.19915392,0.050952014,0.18123759920634921,1598.1378827147487,1052.612846976095,23.039274197816574,-26.236828,-0.075154185,-0.051042937,-18.452394,3
70d30513-0ec3-49e4-9976-e85785e85c2d-1431033390358-1.7-m-04-hu.wav,0.21478178,0.06198685,0.1625652702487245,1596.9192907798852,1027.0804796591026,25.527779574410033,-29.764309,0.05320996,-0.028625371,-19.782705,3
70d30513-0ec3-49e4-9976-e85785e85c2d-1431033405793-1.7-m-04-hu.wav,0.37101692,0.111792624,0.1792891013681592,1669.8795135569878,912.9011212300946,26.69238886334293,-23.943779,0.018348414,-0.05498111,-15.864507,3
719bb382-a592-46b7-82d2-8b4a625263b7-1430376267895-1.7-m-48-hu.wav,0.019952625,0.004355765,0.12317550823252688,1287.3548945770856,930.3278379256794,23.86478400527308,-39.135223,-0.058364213,-0.02555622,-27.545422,3
719bb382-a592-46b7-82d2-8b4a625263b7-1430376483385-1.7-m-48-hu.wav,0.0937384,0.017101252,0.17030913254310345,1495.5620454372481,757.275704012845,23.54922291835681,-37.91328,-0.052102197,-0.14530396,-25.724257,3
719bb382-a592-46b7-82d2-8b4a625263b7-1430376501744-1.7-m-48-hu.wav,0.12585701,0.034962796,0.16449151011560695,1401.2809552602043,749.2929421836519,25.215386859722347,-31.673265,0.02914204,0.0001481736,-21.532486,3
719bb382-a592-46b7-82d2-8b4a625263b7-1430376562788-1.7-m-48-hu.wav,0.039198827,0.0130094355,0.09645862484452736,1040.2343739138714,798.7373875086756,25.232417054412117,-34.95473,-0.048233654,-0.041705452,-25.307295,3
743E7CCA-D32B-40B6-9541-9808122D3F6B-1436860011-1.1-f-26-hu.wav,0.49345908,0.18262698,0.19410183005136986,1866.0437921105827,954.4032821858923,27.59577599607909,-14.913641,-0.027963117,-0.0195536,-8.355516,3
743E7CCA-D32B-40B6-9541-9808122D3F6B-1436860028-1.1-f-26-hu.wav,0.31916472,0.11530472,0.19402934229651161,1688.034390397829,1005.3756225598056,27.31434834344151,-20.978495,0.029559154,-0.02890828,-12.802866,3
743E7CCA-D32B-40B6-9541-9808122D3F6B-1436860053-1.1-f-26-hu.wav,0.49657974,0.19553572,0.20349407643779344,1756.333742426704,1059.3406207774378,27.803023447990142,-17.552414,-0.0015222846,-0.014162777,-9.629325,3
743E7CCA-D32B-40B6-9541-9808122D3F6B-1436860161-1.1-f-26-hu.wav,0.20918219,0.0628851,0.2093190654342723,1799.1599589962552,956.2099339959908,25.4970418735722,-18.00477,0.018550986,-0.03571699,-11.908753,3
7616E8F4-B1A7-45A6-9A0C-C9BB2DE64FC3-1436868751-1.1-m-72-hu.wav,0.27801603,0.096457824,0.19550870433789955,1722.3038803681059,922.1181767537045,26.58694653718098,-15.542477,-0.0020718838,0.0005491677,-10.968077,3
771fa0cc-4535-471b-9cec-d26deff8d567-1429803644891-1.7-m-04-hu.wav,0.41611174,0.13843605,0.14524101965206185,1378.3382923698357,802.8424581990979,29.156734149780952,-19.620438,-0.03300417,-0.006629109,-12.484271,3
789d2553-cbf2-4911-91e4-fb228d231238-1430818517787-1.7-m-26-hu.wav,0.12089092,0.038912628,0.1518883338341346,1403.6023948921038,895.5497134669937,27.169791169588958,-19.241589,0.095170386,0.02231001,-12.432433,3
79FF400A-97E2-4701-987D-C7C850D5523C-1430089487-1.0-f-48-ti.wav,0.20048508,0.05310346,0.18336465121445497,1665.9212302454953,852.1823916800384,24.784141658157164,-26.713392,0.043533,-0.006301381,-18.12764,4
79FF400A-97E2-4701-987D-C7C850D5523C-1430089621-1.0-f-48-dc.wav,0.053493142,0.013306983,0.1325167803697183,1353.607832567375,963.7529884417905,24.450164754314457,-30.250734,-0.03761139,-0.024798322,-22.045656,2
79FF400A-97E2-4701-987D-C7C850D5523C-1430089648-1.0-f-48-bu.wav,0.124992386,0.043076646,0.17125045421511628,1530.472053800474,859.5538939989679,26.154619328218036,-26.155901,0.012922485,-0.0067036147,-17.909016,1
79FF400A-97E2-4701-987D-C7C850D5523C-1430089688-1.0-f-48-dc.wav,0.21584606,0.06740587,0.2322455512152778,1919.1372785686765,960.8128183832744,26.46308011748479,-18.466982,0.014352358,-0.06613932,-13.264814,2
7A22229D-06C2-4AAA-9674-DE5DF1906B3A-1436891933-1.1-m-72-hu.wav,0.12953177,0.030595781,0.18942778965212265,1672.4058959293793,955.6351777002196,24.610875595012317,-26.154192,0.008351815,-0.025280584,-17.224539,3
7A22229D-06C2-4AAA-9674-DE5DF1906B3A-1436891944-1.1-m-72-ti.wav,0.15526631,0.045115832,0.176971268784153,1608.0808392386273,984.3233625398815,25.23675296314772,-25.472118,-0.005160219,-0.01765072,-17.340662,4
7A22229D-06C2-4AAA-9674-DE5DF1906B3A-1436891957-1.1-m-72-ti.wav,0.15985276,0.05416226,0.14027260834316038,1476.838569536523,1022.321843717385,25.74648093612872,-26.433022,-0.019286012,-0.078735344,-17.276514,4
7A864194-4B6B-4850-ABBF-0C2A8170107B-1436846797-1.1-f-26-hu.wav,0.372473,0.14856532,0.14546822212837837,1543.4704864383475,935.4607922608789,25.97866383696722,-19.040585,-0.06484296,-0.005669996,-12.534214,3
7A864194-4B6B-4850-ABBF-0C2A8170107B-1436846824-1.1-f-26-hu.wav,0.11728649,0.033353664,0.12259720203488372,1312.5488257845025,903.9401786711499,23.06213119306152,-28.814312,0.078398965,-0.020588286,-20.280788,3
7A864194-4B6B-4850-ABBF-0C2A8170107B-1436846870-1.1-f-26-hu.wav,0.29049602,0.11887732,0.15549146075581396,1520.6166437879676,858.939317920437,25.037824362990488,-20.153566,0.025163526,-0.040263638,-14.43681,3
7A864194-4B6B-4850-ABBF-0C2A8170107B-1436846915-1.1-f-26-bu.wav,0.04210261,0.009430694,0.13942587209302326,1323.4270349286107,962.9174171755383,23.187128435245675,-27.068369,-0.0062892702,-0.026902976,-20.532038,1
7b0e160e-0505-459e-8ecb-304d7afae9d2-1437486941311-1.7-m-04-hu.wav,0.18547212,0.060464974,0.06429036458333333,749.2421569884656,712.210979333124,26.988129465946503,-9.249494,0.11148443,-0.03116355,-7.886546,3
7b0e160e-0505-459e-8ecb-304d7afae9d2-1437486974312-1.7-m-04-dc.wav,0.13759369,0.047884595,0.06365368412990197,750.5893349763026,724.9479132991113,26.732885875080754,-9.915031,0.07960532,-0.041282736,-8.3418665,2
7b23d26e-6f97-4e8b-b520-a9fdde21ee91-1432261716253-1.7-m-48-hu.wav,0.56026936,0.21201319,0.14124364760315533,1411.8535745793952,803.5923194202328,28.425795725363102,-16.84385,0.02619359,0.013699476,-12.057957,3
7b23d26e-6f97-4e8b-b520-a9fdde21ee91-1432275312750-1.7-m-48-hu.wav,0.5527565,0.21316344,0.1416737222906404,1362.0042368281697,699.3816204489542,29.02104129513841,-17.556326,0.052395884,0.007996046,-11.040581,3
7B924575-21FC-462A-969E-BABB46D1CBF5-1430055167-1.0-f-72-hu.wav,0.17936547,0.057310805,0.1710242523006135,1580.1933973829289,895.8564314942884,25.693408304629735,-24.920868,0.022449428,-0.06872888,-16.617657,3
7B924575-21FC-462A-969E-BABB46D1CBF5-1430055220-1.0-f-72-hu.wav,0.05505566,0.010963016,0.14010184151785715,1406.9811472176425,1003.6939734581057,22.915562975772907,-34.669716,0.08117162,-0.012721219,-25.265741,3
7B924575-21FC-462A-969E-BABB46D1CBF5-1430055234-1.0-f-72-hu.wav,0.07946369,0.027559556,0.15322461918969849,1476.9213636171432,904.3366875750016,25.86152763744083,-29.351696,-0.020349346,0.0041307937,-20.74239,3
7B924575-21FC-462A-969E-BABB46D1CBF5-1430055243-1.0-f-72-hu.wav,0.17669305,0.06324373,0.13377122574200914,1342.5311082676742,849.1957339747612,25.666734317383316,-25.911762,-0.06660046,0.007781552,-18.608425,3
7CF37029-1040-40B8-ACC9-7E6E5C03AF9B-1429808939-1.0-m-72-hu.wav,0.12684138,0.031270985,0.1391267123287671,1368.3026228524254,918.8307664545865,25.163464241454378,-29.683641,-0.018165113,-0.020985177,-20.756876,3
7d1c2cd2-6fa1-499f-8ca8-a298198be4e7-1436850081753-1.7-m-04-hu.wav,0.27243233,0.079536565,0.12164243717783506,1201.45138343767,781.242485311242,25.63430708525836,-20.725826,0.045589592,-0.060667142,-14.238754,3
7e3de9b8-2be5-473f-b8c3-c2657f1317bb-1430006339251-1.7-f-04-hu.wav,0.08109591,0.03058521,0.1085047300170068,1013.331414122906,628.8394162926664,30.454553178244744,-37.950752,-0.042980224,-0.024507761,-22.934742,3
7E4B9C14-F955-4BED-9B03-7F3096A6CBFF-1430232157-1.0-f-26-hu.wav,0.34201947,0.10542233,0.17432283100328946,1681.9793577018404,809.0666018255366,24.79268253999211,-25.093699,-0.14408793,-0.3096031,-15.633568,3
7E4B9C14-F955-4BED-9B03-7F3096A6CBFF-1430232166-1.0-f-26-hu.wav,0.15192322,0.04674834,0.15377298990885416,1446.3353982752924,887.7125878893306,24.34188409782431,-29.114933,0.018949313,-0.002382445,-19.644453,3
7E4B9C14-F955-4BED-9B03-7F3096A6CBFF-1430232180-1.0-f-26-hu.wav,0.30897886,0.12166805,0.13592940414507773,1388.1558227019877,863.1486280489905,24.9220921472443,-25.408857,-0.021122389,-0.0006476068,-16.390472,3
7E4B9C14-F955-4BED-9B03-7F3096A6CBFF-1430232195-1.0-f-26-hu.wav,0.17611842,0.04390454,0.16429938892326731,1444.111747152035,890.4374631048462,22.67729371391912,-33.264057,-0.04992648,-0.049262438,-22.1162,3
7E4B9C14-F955-4BED-9B03-7F3096A6CBFF-1430232208-1.0-f-26-bu.wav,0.41301465,0.1225363,0.16898398824257427,1585.0447146497845,888.9323502530693,24.4463687330123,-21.755018,-0.11066459,-0.059549335,-14.682096,1
7E4B9C14-F955-4BED-9B03-7F3096A6CBFF-1430540826-1.0-f-26-bu.wav,0.51862854,0.16363893,0.18544877283105024,1735.2359977184549,845.9583076122102,24.01094974754921,-18.426386,-0.036257427,-0.04607835,-11.891017,1
7fd72d70-07c4-40a0-85e9-c91df9bdefb2-1430994916704-1.7-f-04-hu.wav,0.2079615,0.06759885,0.17399505876068377,1441.3254391866549,854.0757833807747,26.098850054391683,-31.55889,0.034625478,-0.08463575,-19.957205,3
80130d3a-ceb9-4460-8464-e956bac5c40d-1436850034856-1.7-m-72-hu.wav,0.31838617,0.092180885,0.10825405325940861,1100.4905949177362,830.6548870791976,26.23786114191919,-9.973464,0.08990707,-0.054858696,-8.442401,3
8057932d-a6af-4d63-903b-37049686e176-1430919675907-1.7-f-72-hu.wav,0.07880234,0.015808668,0.11380709134615384,1165.0280179651008,1002.7100714619584,22.284331712637513,-31.95533,0.15332069,0.05621818,-22.690813,3
80f5ab0a-16c1-4738-9209-fbdae52ff769-1430140636917-1.7-f-04-hu.wav,0.21109582,0.047131527,0.14646870822192512,1410.0208718689887,788.5079943612936,25.51780192319587,-29.10886,-0.026285075,-0.0104213,-19.808409,3
815af07e-4c31-4032-8bd1-dab6e60c879e-1433156413683-1.7-m-04-hu.wav,0.44857705,0.15221508,0.22990273243159204,1988.7997015361345,823.3755777122951,27.992685296118744,-24.149769,0.00914994,-0.028810749,-16.123867,3
815af07e-4c31-4032-8bd1-dab6e60c879e-1433156423585-1.7-m-04-hu.wav,0.39594138,0.13737719,0.23016880580357144,1993.1113319853496,908.0064468625869,27.837437624949388,-22.847391,0.02164559,-0.009602273,-15.03568,3
81724071-bc5e-4e38-8f35-85a691af5721-1430737552979-1.7-m-04-hu.wav,0.018152071,0.007074353,0.09679878048780488,908.2465629836739,685.5305139291603,28.5073960849303,-40.535454,-0.045545526,0.0064216093,-26.221844,3
818A32F4-D5D8-426C-B88C-81A8154AC81A-1430093571-1.0-m-26-hu.wav,0.43407506,0.15361466,0.13944710826421802,1423.7354449661323,900.05375319836,27.14400295264105,-15.19211,-0.06433361,-0.014516437,-10.592393,3
837fd072-8704-4196-9ff1-1d2c07886e55-1432429478471-1.7-m-22-dc.wav,0.014771789,0.0049574594,0.07127775969328703,949.3306541101626,887.1539582819184,28.226738965237796,-30.819674,0.0200953,0.014223816,-20.576315,2
85FAB169-4DCC-406D-AC93-2F6A8D797DAB-1437632141-1.1-m-04-hu.wav,0.3852258,0.10595121,0.19406181469298245,1767.8758309242924,878.9555518983782,27.780799924727816,-18.980326,-0.030079909,-0.0847273,-13.080754,3
86c2b87a-ae7c-46a3-b6fb-7ebe748812cf-1430036547966-1.7-m-04-hu.wav,0.17546673,0.04547409,0.10593399911556604,1143.503271395813,919.0774650195972,25.856150367787123,-12.620018,0.021957308,-0.016521791,-8.773261,3
86c2b87a-ae7c-46a3-b6fb-7ebe748812cf-1430036562389-1.7-m-04-hu.wav,0.2591286,0.078388415,0.10517716972748815,1136.0807259364203,847.4954091218613,25.244747714465525,-14.037929,0.023022564,-0.018283496,-9.444337,3
86c2b87a-ae7c-46a3-b6fb-7ebe748812cf-1430036593222-1.7-f-26-hu.wav,0.16280721,0.056172244,0.0818160359893365,957.8106500695978,824.6470580758994,25.29547551543027,-13.360083,0.005703386,-0.020147098,-9.772003,3
88da3fbd-926b-4ee7-ae8f-85f92f2783b0-1430114329442-1.7-m-04-hu.wav,0.009579103,0.0030103019,0.11996006729579207,1276.502837717896,855.5202171375411,26.8609293651042,-47.754528,-0.0028334877,-0.007145948,-30.900692,3
89964233-cbdb-4f34-a819-5f4b5ce3f5f5-1430049852345-1.7-f-04-hu.wav,0.35823044,0.09799781,0.15519973466981132,1457.1582726817167,904.9098486466364,27.417891339038448,-18.752443,0.05655039,0.012706244,-14.059519,3
89964233-cbdb-4f34-a819-5f4b5ce3f5f5-1430049868816-1.7-f-04-hu.wav,0.355542,0.0972196,0.18152142018779344,1554.558134177866,875.3968395799983,27.75552135847761,-18.508184,0.04865745,0.0027946928,-13.064598,3
8b1faa77-e3ac-48af-bf2a-58aadebefcba-1436798541805-1.7-m-04-hu.wav,0.11591475,0.039122004,0.15488363314075632,1418.1843149576412,972.79818368106,25.55141027365363,-29.017513,-0.042375695,-0.05207774,-19.689896,3
8C13A1F9-62CC-46AA-9192-BECE5CDD5CB0-1430249362-1.0-f-72-hu.wav,0.07272194,0.020555148,0.12419996995192308,1160.1814883840073,877.7053483817641,22.772493970610647,-36.478436,-0.123379886,-0.19585732,-23.900883,3
8c2a1f03-07f4-4aee-a73f-bc57beb2b600-1430761324670-1.7-f-26-hu.wav,0.3041156,0.10908719,0.232421875,1952.9318821840047,897.8469177461022,27.72579017161087,-26.014952,-0.02641008,-0.020128237,-17.87761,3
8c66887c-8251-49fa-903b-c02d56405f58-1436856065644-1.7-m-26-hu.wav,0.05091828,0.019106267,0.1685069094422043,1442.503410399571,812.0632703988905,25.117961491984474,-38.371704,0.056097057,0.048121985,-24.673185,3
8c66887c-8251-49fa-903b-c02d56405f58-1436856137837-1.7-m-26-hu.wav,0.132777,0.050108746,0.13659499207949308,1296.3657653639823,811.3483739820288,28.61087578306015,-33.559322,0.024077902,-0.0052660084,-20.305647,3
8c920fd0-fa9f-4926-bcac-074767dcbfcd-1436850948195-1.7-m-04-hu.wav,0.03864888,0.012620815,0.11442307692307692,1239.2437449690308,956.2911992625129,25.385305177238312,-32.201015,-0.13602409,0.033769008,-22.398256,3
8c920fd0-fa9f-4926-bcac-074767dcbfcd-1436856363348-1.7-f-04-hu.wav,0.10951561,0.028422525,0.1319140625,1323.1173064150341,931.6473570541169,27.61314717466542,-29.203379,-0.02080546,-0.003043082,-19.7473,3
8c920fd0-fa9f-4926-bcac-074767dcbfcd-1436856382717-1.7-m-04-hu.wav,0.103421845,0.03029682,0.09936648637820512,1006.3192682274674,634.9334264500086,27.377487687326635,-32.478027,0.045326795,0.005434302,-20.492111,3
8f4dbf5a-b504-4452-b6ac-94e646a6a052-1430727792958-1.7-f-72-hu.wav,0.029333724,0.0073903087,0.09246972188995216,1097.6261564902768,909.2637314677963,25.654381284671405,-30.956116,0.030503664,-0.030971374,-21.622972,3
8f4dbf5a-b504-4452-b6ac-94e646a6a052-1430727806162-1.7-f-72-hu.wav,0.036997516,0.013250516,0.0946421997709424,1015.650166825736,781.504639628549,27.510274975405302,-33.931236,-0.00029069744,-0.0016845522,-22.430073,3
8f4dbf5a-b504-4452-b6ac-94e646a6a052-1430729451597-1.7-f-72-hu.wav,0.0026532908,0.0007141856,0.1479163536658654,1419.5580593141158,1093.8950949043456,25.062225766448822,-41.970333,0.016200965,-0.007892416,-28.791388,3
8f4dbf5a-b504-4452-b6ac-94e646a6a052-1430734962301-1.7-f-72-hu.wav,0.01823902,0.0049794763,0.12442680027173914,1286.7147916928066,1014.086296046205,24.560606297142886,-34.205883,0.05439084,-0.043750748,-23.845263,3
8f4dbf5a-b504-4452-b6ac-94e646a6a052-1430735028906-1.7-f-72-hu.wav,0.11610152,0.042087354,0.12047463741028708,1238.0236296447097,917.8649929862004,27.107873999840695,-30.052114,0.100483455,0.03726311,-19.510897,3
8f4dbf5a-b504-4452-b6ac-94e646a6a052-1430735040980-1.7-f-72-hu.wav,0.05679331,0.017579712,0.14621781329719388,1412.1930556699176,1024.5681868414172,24.330213089278292,-31.002098,0.062375277,-0.046387807,-21.556154,3
8f4dbf5a-b504-4452-b6ac-94e646a6a052-1430735057816-1.7-f-72-hu.wav,0.07008832,0.024880836,0.09918088329081633,1102.3141574449412,863.4948762858472,27.399392732808163,-31.808784,-0.081645,-0.015618041,-20.658127,3
8f4dbf5a-b504-4452-b6ac-94e646a6a052-1430735157938-1.7-f-72-hu.wav,0.0588806,0.016749064,0.17462012186004786,1595.1699905893881,1016.3625130071367,27.37346786687323,-30.812042,0.019727051,-0.01950938,-21.467987,3
8f5c01dc-6826-4076-a831-027ad61afdaf-1435873509176-1.7-f-26-hu.wav,0.24684405,0.09648868,0.1964146205357143,1772.1726409058713,766.6432806375047,27.332816532650856,-27.786676,0.02836376,-0.009638149,-18.617525,3
8FDA58A7-FDC6-4421-855F-738E6E853E43-1429895742-1.0-m-26-hu.wav,0.12847887,0.04009927,0.16430913185586735,1479.8667618406057,814.3290860019742,25.40140918777612,-29.858442,-0.017484264,-0.004002927,-19.883844,3
8FDA58A7-FDC6-4421-855F-738E6E853E43-1429895751-1.0-m-26-hu.wav,0.19851385,0.07345385,0.16149623644406394,1442.1842751491456,761.5378722474621,26.25069030743969,-28.04611,0.03964655,0.0016879459,-18.221008,3
8FDA58A7-FDC6-4421-855F-738E6E853E43-1429895780-1.0-m-26-hu.wav,0.5354187,0.23492879,0.2023876953125,1848.9700151505956,852.2679273783863,26.99626422563655,-16.181376,0.0471124,-0.023568708,-9.690223,3
9090c7a3-bebc-4485-aafc-64e4298da3ac-1430088396663-1.7-f-26-hu.wav,0.20874959,0.061759286,0.13862237183179724,1346.3733813590788,909.6658795619879,26.68725081163502,-20.977642,0.0021132585,0.043340538,-14.105227,3
9090c7a3-bebc-4485-aafc-64e4298da3ac-1430109146143-1.7-f-26-hu.wav,0.6397914,0.26400894,0.11594904119318182,1242.40324102487,773.5631044458422,29.011232406081994,-15.490553,0.01664544,0.008955021,-10.59905,3
92d08bbe-553f-4844-85b1-15d572f06ea2-1436873183951-1.7-m-04-hu.wav,0.47787607,0.15727107,0.11474609375,1221.909081210984,766.3518737558901,26.263252173315234,-14.347505,-0.0038664045,-0.037413545,-10.574994,3
92d08bbe-553f-4844-85b1-15d572f06ea2-1436873211119-1.7-m-04-hu.wav,0.16657647,0.05829754,0.06776258680555555,855.4289007585213,779.7080456327957,26.52146031132123,-14.426821,0.022120353,0.015586641,-11.066648,3
9641D2D5-7D9F-41B2-8345-229AE9555FEC-1430022546-1.0-m-72-hu.wav,0.10365336,0.054418698,0.07826100527968037,1048.556911970004,865.1931269151586,26.123979959994344,-28.86792,0.0004203473,0.03055068,-18.486519,3
96986c8b-9988-4c37-a0f8-e7c4269cc3ac-1431719845836-1.7-m-26-hu.wav,0.21849272,0.0915372,0.10945892333984375,1120.7455228659876,661.4253483198604,28.652216348810693,-22.151857,0.029218907,0.05268219,-15.191618,3
990DE219-FCD1-4634-91CE-19AB93E5D2B0-1430214575-1.0-m-04-hu.wav,0.04448321,0.014089234,0.1248929794520548,1290.2720793780327,920.8962875942601,25.56505233588205,-29.202425,-0.017292148,0.004337111,-21.397646,3
999bf14b-e417-4b44-b746-9253f81efe38-1430844940177-1.7-m-04-hu.wav,0.07081781,0.023178352,0.06366185897435897,760.8446283081634,672.3460710139784,25.43537690698891,-26.202469,0.08912706,-0.029235413,-18.285162,3
999bf14b-e417-4b44-b746-9253f81efe38-1430844958178-1.7-m-04-ch.wav,0.09128362,0.034697585,0.06570360137195122,757.0150359746474,550.8408970878205,26.769340857884657,-25.876123,0.049126282,-0.03290791,-17.171864,2
999bf14b-e417-4b44-b746-9253f81efe38-1430844979531-1.7-m-04-ch.wav,0.046215862,0.016450107,0.06692325367647059,764.2237585964824,635.9701618150768,24.524288022586887,-27.778349,-0.009008798,-0.026578562,-20.280365,2
999bf14b-e417-4b44-b746-9253f81efe38-1430844994519-1.7-m-04-ch.wav,0.1342246,0.053341795,0.07537633384146342,857.1599332541633,595.319406602099,26.626215573544208,-26.378485,0.08567596,0.015472815,-18.134968,2
999bf14b-e417-4b44-b746-9253f81efe38-1430845018393-1.7-m-26-ch.wav,0.06001816,0.023019342,0.07992642597087378,844.5481765236001,627.2718905178942,26.719610810144786,-26.944872,0.108435564,0.0040303296,-19.571924,2
999bf14b-e417-4b44-b746-9253f81efe38-1430845035663-1.7-m-26-ch.wav,0.14482276,0.054665774,0.07229420731707317,811.1361250570052,553.3801298813906,26.018746380556085,-22.452635,0.06301032,0.0026486693,-15.542142,2
999bf14b-e417-4b44-b746-9253f81efe38-1430972705879-1.7-m-26-hu.wav,0.015735468,0.0038345247,0.0760357481060606,944.5813554350586,917.4145762515794,22.48791854622187,-36.62574,-0.12522742,-0.023852646,-25.130743,3
999bf14b-e417-4b44-b746-9253f81efe38-1430974001343-1.7-m-26-bp.wav,0.11629243,0.03941404,0.16488348268995098,1430.9392980614468,778.4842721671656,27.603717056019978,-29.472218,0.07113083,0.004337197,-19.2575,0
999bf14b-e417-4b44-b746-9253f81efe38-1431013054417-1.7-m-26-hu.wav,0.18480438,0.071920834,0.08950144974226804,929.0369007783605,590.2903552890344,27.881785362128436,-25.239725,0.035869006,0.00060841924,-16.71513,3
999bf14b-e417-4b44-b746-9253f81efe38-1431013068243-1.7-m-26-hu.wav,0.18841757,0.07003013,0.13485179227941177,1207.1550015661014,670.3861374935016,28.22086946828094,-24.479591,0.0839749,-0.011014091,-14.956711,3
9aa8bac5-eeb9-4f19-a4bf-7c439e87364b-1430745312460-1.7-m-04-hu.wav,0.022398796,0.005490566,0.15632572276069517,1470.5196556491549,1085.3963134251985,24.57848519848972,-32.457577,-0.01356966,-0.0049490673,-23.083399,3
9aa8bac5-eeb9-4f19-a4bf-7c439e87364b-1430745385374-1.7-m-04-hu.wav,0.12199826,0.04267699,0.13260504371761658,1303.117998355647,825.1662159793865,28.778271840671604,-27.898088,0.097655036,-0.0010513733,-17.83635,3
9CFD61B9-BF13-406D-8B2F-F73CFAAF25CB-1430927693-1.0-f-04-hu.wav,0.21276934,0.068104245,0.0964388912671233,1076.8397132204268,884.849191552603,26.947480815746193,-16.837584,-0.026163846,0.009454745,-12.79218,3
9CFD61B9-BF13-406D-8B2F-F73CFAAF25CB-1430927704-1.0-f-04-hu.wav,0.214794,0.06009075,0.08099448844178082,924.6407626174398,854.9979971503394,24.41565081213232,-19.5322,-0.0010149038,0.069650784,-15.331771,3
9CFD61B9-BF13-406D-8B2F-F73CFAAF25CB-1430927716-1.0-f-04-hu.wav,0.12976748,0.04622201,0.0956652218892694,1120.551531550173,921.257736514332,25.495036822392493,-21.312311,0.06184276,0.020938206,-15.435104,3
9CFD61B9-BF13-406D-8B2F-F73CFAAF25CB-1430927728-1.0-f-04-hu.wav,0.29647875,0.07045606,0.07070894853784404,786.34613590301,751.3149986990734,24.41454519957879,-14.519441,0.03583961,-0.005757381,-12.7501545,3
9CFD61B9-BF13-406D-8B2F-F73CFAAF25CB-1430927741-1.0-f-04-hu.wav,0.35467514,0.101783864,0.11677797379032258,1160.2953896945448,820.3405757119731,27.717150116010846,-14.50584,0.029495034,-0.00019689571,-11.104435,3
9fe37482-6a64-401d-b8b9-3e47d6ed9ac0-1430047362195-1.7-f-26-hu.wav,0.21273579,0.07028226,0.10604843365147783,1106.4675322065527,753.4793338883653,25.78458476955773,-27.19076,-0.037270714,0.00037105483,-18.294966,3
9fe37482-6a64-401d-b8b9-3e47d6ed9ac0-1430047373513-1.7-f-26-hu.wav,0.24288751,0.0796447,0.1407393292682927,1277.7187337381574,749.7698741906714,27.462084783076214,-27.95039,0.045266714,0.030092683,-18.017359,3
9fe37482-6a64-401d-b8b9-3e47d6ed9ac0-1430047399844-1.7-f-26-hu.wav,0.11285928,0.035114907,0.14327375856164384,1363.4979339770719,875.9871429865804,26.205336367660564,-31.22666,0.01585951,-0.053328507,-21.103544,3
9fe37482-6a64-401d-b8b9-3e47d6ed9ac0-1430047590938-1.7-f-26-hu.wav,0.2850018,0.12160665,0.1081992381840796,1152.1387149654363,775.0831657597367,27.856593727615063,-26.03174,0.026030255,-0.0012978109,-16.875614,3
A123AD65-38D3-4A65-AB37-330034765840-1430093687-1.0-m-04-hu.wav,0.04181849,0.011297554,0.10064390696347032,1189.3417123499464,1014.4179863068291,25.38315877291224,-27.55213,-0.020898022,-0.0015633901,-20.819935,3
A123AD65-38D3-4A65-AB37-330034765840-1430093699-1.0-m-04-hu.wav,0.07770916,0.021860307,0.0796701091609589,995.9819581638837,892.9466375867378,23.87610369214916,-23.3893,-0.07650859,0.004028743,-18.436806,3
A123AD65-38D3-4A65-AB37-330034765840-1430093710-1.0-m-04-hu.wav,0.04639922,0.01422289,0.09680454480593607,1119.3066460852012,962.084591133609,24.871666894526488,-23.905506,-0.0019539376,0.008283251,-18.071293,3
A123AD65-38D3-4A65-AB37-330034765840-1430093726-1.0-m-04-hu.wav,0.09096768,0.025403088,0.07644165596461187,980.4237969015805,870.5267868460558,26.154533401013953,-21.644663,0.042457137,0.027077502,-17.148733,3
a40b9b8d-e4bc-457a-badf-f38bdbc0c358-1430016745385-1.7-m-04-hu.wav,0.52957743,0.16442327,0.13727612765330188,1228.494601936208,799.415649199544,25.04851214815261,-13.859848,0.050618142,-0.007376642,-10.722679,3
a40b9b8d-e4bc-457a-badf-f38bdbc0c358-1430016779981-1.7-m-26-hu.wav,0.32094434,0.09525738,0.10829986428990611,1093.481420165527,796.4351722660917,25.323892984728325,-16.718687,0.018554531,-0.014601385,-12.636218,3
a40b9b8d-e4bc-457a-badf-f38bdbc0c358-1430016981469-1.7-m-26-dc.wav,0.80963284,0.29333255,0.127482476635514,1253.1697131433066,744.6884565891866,27.09141161953443,-8.71289,0.068092644,0.009527677,-7.6799064,2
a40b9b8d-e4bc-457a-badf-f38bdbc0c358-1430017191818-1.7-m-26-hu.wav,0.6205715,0.23587415,0.16075303819444445,1495.0170361122266,800.7860696177602,25.441474027489484,-18.286356,0.030717054,-0.03967088,-12.8906765,3
a56e2494-d2b2-480e-af0b-de9ea8f33572-1436897427825-1.7-f-26-hu.wav,0.16066544,0.04622966,0.17309695512820514,1585.7260980962817,974.6889278391018,25.958233600133557,-26.044683,0.026151536,-0.020809086,-17.625267,3
a7b13b65-da2c-48ec-8aed-46adcaba705f-1430823489236-1.7-f-26-hu.wav,0.5186782,0.19464226,0.13442721225247525,1285.667820708318,815.8036630068166,28.711562378400064,-12.948555,0.13888912,-0.03003523,-9.524909,3
AA2CA7F6-4547-4CC0-AA4C-5D7B64727FB5-1437123487-1.1-f-26-hu.wav,0.33104977,0.1136507,0.2667999964326484,1997.83404020556,817.4567058811041,26.54858370154316,-18.447632,0.010315585,0.010866377,-12.547447,3
aaa57dbd-7b88-454a-963e-6faa2f4ed4e7-1436910225455-1.7-f-04-hu.wav,0.057802465,0.017389968,0.11912086795520231,1340.5721632913428,1016.066733228785,24.3119991435419,-34.567417,0.04181516,-0.006229891,-23.430931,3
aaa57dbd-7b88-454a-963e-6faa2f4ed4e7-1436910235521-1.7-f-04-hu.wav,0.056342885,0.016305897,0.1070208842527933,1171.1712029327846,962.4158092129393,24.441847856322852,-31.44878,0.0018494446,-0.053596828,-21.413864,3
aaa57dbd-7b88-454a-963e-6faa2f4ed4e7-1436982066128-1.7-f-04-hu.wav,0.040058035,0.010283541,0.11225442325367647,1094.2442504816086,772.6862205962761,25.471918512282457,-36.328773,0.052432235,0.01047646,-24.487406,3
aaa57dbd-7b88-454a-963e-6faa2f4ed4e7-1436982075169-1.7-f-04-hu.wav,0.05096512,0.012649665,0.12526656170280612,1222.494258240589,783.5212585438248,25.473596783428867,-35.306522,0.03805967,-0.028224256,-23.985893,3
aaa57dbd-7b88-454a-963e-6faa2f4ed4e7-1436982098411-1.7-f-04-hu.wav,0.044614002,0.010816422,0.12129648665935673,1215.214448530521,842.9940529284765,24.883542386765406,-37.430984,0.07850222,-0.052020423,-25.311522,3
aaa57dbd-7b88-454a-963e-6faa2f4ed4e7-1436988612387-1.7-f-04-hu.wav,0.35520974,0.1210969,0.1931176516089109,1785.1483354159386,793.9776993352882,26.68754523406018,-23.674791,0.14337285,-0.037445404,-16.275097,3
aaa57dbd-7b88-454a-963e-6faa2f4ed4e7-1437166513710-1.7-f-04-hu.wav,0.18579555,0.05957837,0.16563026577818626,1567.9642861162383,849.4115721351533,27.134312413334463,-30.58946,0.024507105,-0.010463394,-19.77037,3
ad7fd28b-3e85-4e9b-9e18-af4bda64c60f-1430756389867-1.7-m-72-hu.wav,0.25857314,0.07855461,0.1496455949237089,1362.4841229040849,813.5550797965125,26.80918588769412,-23.880146,0.05106628,-0.015176817,-15.680905,3
adb53808-8b13-4c08-b055-6653c75298be-1430133962749-1.7-m-72-hu.wav,0.054156817,0.014965926,0.12832685406698566,1264.5627570943907,928.1315889526696,26.284561148389283,-19.831543,0.039033126,-0.020160332,-14.2162285,3
adb53808-8b13-4c08-b055-6653c75298be-1430133982281-1.7-m-72-hu.wav,0.1354921,0.048172817,0.14430930397727273,1294.6242885087677,850.389308638519,26.55623750959551,-16.064104,-0.014905015,-0.02949653,-11.091188,3
adcefe56-90b1-4120-83b1-93008cb6f7f0-1430731683554-1.7-m-04-hu.wav,0.40421513,0.15736404,0.18714289878731344,1744.724576531163,969.4984102139507,28.388824551382175,-19.062557,0.05659314,-0.020622548,-13.43706,3
AE02C934-F4E5-4C73-818D-56AA6887EC18-1430279441-1.0-m-26-hu.wav,0.25559053,0.0600712,0.19384243399064172,1751.6499186793656,977.2437199584833,25.15548321530484,-25.579649,-0.08302672,-0.024596618,-18.437689,3
AE02C934-F4E5-4C73-818D-56AA6887EC18-1430279454-1.0-m-26-hu.wav,0.010460041,0.0029390808,0.174552743293379,1564.411253439752,992.9539658874281,25.62865668625363,-41.39121,-0.0041481126,0.00133125,-29.671257,3
ae5a462b-5424-4b5b-82d5-07ccb61654ab-1430405436291-1.7-f-04-hu.wav,0.015515647,0.0047670696,0.09899088541666666,1184.798409255299,934.5756806029716,27.83400526824706,-35.524197,-0.001052876,-0.011403766,-24.059443,3
ae5a462b-5424-4b5b-82d5-07ccb61654ab-1431064345173-1.7-f-48-dc.wav,0.05448554,0.0160642,0.19987657335069445,1755.8552097029142,951.215669556293,24.729728804059253,-36.942535,-0.12862837,0.028029697,-24.219736,2
ae5a462b-5424-4b5b-82d5-07ccb61654ab-1431155960186-1.7-f-48-hu.wav,0.113732696,0.03809245,0.26044921875,2038.6177778454419,1018.9541492636976,27.819827022907628,-30.929075,-0.09193849,0.0012039329,-18.690075,3
ae5f103b-5fee-442f-bb1b-d9d0570c46ab-1431533809819-1.7-m-26-hu.wav,0.21540202,0.057982266,0.15083918959330145,1422.4286352363015,876.9787417973199,25.308470853838152,-19.62657,0.0314455,-0.0099029755,-14.53741,3
ae5f103b-5fee-442f-bb1b-d9d0570c46ab-1431533857965-1.7-m-26-bp.wav,0.10317668,0.030669458,0.12326543898809524,1179.591179595821,918.1890395688198,26.945224974588918,-27.62943,-0.0012453296,-0.024585377,-19.391417,0
AEA8AE04-D00E-48A7-8A0B-6D87E2175121-1430563241-1.0-f-72-bu.wav,0.24722704,0.06857577,0.20523218165106952,1829.458767373136,1006.7791997688546,23.480504034644937,-23.044191,0.034756713,-0.04295067,-16.67744,1
af30880e-5f98-4dc0-b37a-be6b21fa0ba3-1431240037389-1.7-m-26-hu.wav,0.6224497,0.21295364,0.14459196891191708,1408.5464952037594,827.2100685150124,27.634528967214973,-16.407051,0.06284902,-0.055993747,-10.968713,3
af30880e-5f98-4dc0-b37a-be6b21fa0ba3-1431240072536-1.7-m-26-bu.wav,0.7638458,0.23501107,0.20137071117912372,1823.5032627674477,856.7971095509837,28.459451970346247,-16.907463,0.08206843,-0.023072718,-10.268567,1
afa44e7f-4187-4f1c-9437-b49ba75f542e-1430629785235-1.7-f-04-hu.wav,0.040779702,0.011380087,0.14861691497093024,1393.4734799936043,1026.9144985964256,27.556803995071043,-25.17705,0.03227208,-0.041275375,-17.150164,3
B0D9116D-8FA4-41AF-B626-BE508FD5CA04-1430832542-1.0-m-04-hu.wav,0.1941984,0.07122269,0.08983129384566327,1198.720900903757,976.1488026490082,27.96893965015593,-28.992773,0.00094004965,-0.0066595827,-18.606255,3
B2A105BB-347B-4878-A735-AA4ECF32CD16-1436864116-1.1-m-26-hu.wav,0.53638816,0.15750533,0.2188793164954338,1913.2723583669992,874.0355771729984,26.518797670173573,-14.315388,0.0270626,0.015739815,-9.865685,3
B2AABCE0-1F62-4B57-B58A-308959ABDFE7-1437188751-1.1-m-26-ti.wav,0.17599307,0.0701359,0.14567735460069445,1356.5542336736985,840.1949132998801,27.929479190963004,-23.453075,0.03084568,-0.0076849773,-15.685268,4
B2AABCE0-1F62-4B57-B58A-308959ABDFE7-1437188766-1.1-m-26-ti.wav,0.24486656,0.084836304,0.1685723198784722,1502.9326362131546,850.4668160553199,27.78044615901242,-22.255985,0.034300495,-0.05536107,-13.92214,4
B327333E-2DE2-4833-A75A-4C576208BED3-1430087429-1.0-f-48-hu.wav,0.05260248,0.0151810115,0.10271247079439252,1191.876791596226,919.3468874230658,25.018434092332075,-25.072641,0.034623206,-0.008843028,-19.079216,3
B327333E-2DE2-4833-A75A-4C576208BED3-1430087443-1.0-f-48-hu.wav,0.020334853,0.006347269,0.1082691210045662,1198.2254834064772,978.868547789945,24.208808359682507,-29.629852,-0.024760973,0.0001574678,-21.565704,3
B327333E-2DE2-4833-A75A-4C576208BED3-1430087456-1.0-f-48-hu.wav,0.10401171,0.035191778,0.14346957425458715,1473.4357915166484,992.8824394992884,25.184032349942985,-23.395243,0.04621801,-0.005345157,-16.71121,3
B400D2D0-9FCE-472E-A152-1FF349B9B407-1436845915-1.1-m-04-hu.wav,0.022429362,0.0061204936,0.1104808789954338,1260.4372292808976,987.103905441707,24.8284613211395,-31.77784,-0.017730324,0.0069076046,-22.856182,3
B456CE9D-CBD4-43E5-899B-8B8B0483F17D-1431015486-1.0-m-72-hu.wav,0.09771059,0.03614078,0.141265869140625,1303.3125729274814,725.7669482021893,26.31560119412371,-32.669086,0.05111003,-0.005227243,-21.364992,3
b4c460d8-bd6b-4017-9bb8-2ae4ff0c5af1-1430418266487-1.7-f-26-ti.wav,0.64098,0.28915694,0.07964409722222222,872.6444258633134,666.064064602605,28.636406065399452,-16.661425,0.035009712,0.033988748,-10.37486,4
b4c460d8-bd6b-4017-9bb8-2ae4ff0c5af1-1432751065608-1.7-f-26-hu.wav,0.71813416,0.3016356,0.1415363083237327,1438.9612629913768,813.85487231275,27.822307902055083,-16.389647,0.09560531,-0.019019587,-10.911581,3
b5044f9a-6f2e-44fc-8e04-9076a988acf2-1435544527174-1.7-m-04-hu.wav,0.057044886,0.01682686,0.05855353860294118,743.5893165791109,811.7417032778575,26.181481540365525,-17.846052,-0.033680204,-0.025061749,-12.695168,3
b8fe4527-5e46-437f-897d-be32112bc1c8-1430166086647-1.7-f-48-hu.wav,0.22874427,0.11708736,0.05013301454741379,625.6639300039045,570.6810270455552,29.961657921203113,-30.172497,0.025775384,-0.07989481,-17.393433,3
b9d0daab-43c8-41f1-86af-3bcdea9af63c-1429979961789-1.7-f-22-hu.wav,0.24348037,0.1103012,0.08734337258454106,908.7821888607398,609.5613905201583,27.905934874675058,-24.075487,-0.031423822,-0.049381882,-18.02776,3
bb2bdafb-0477-4be4-8c41-1a6192e8c6d4-1430637640279-1.7-m-72-hu.wav,0.3249708,0.10517539,0.12563601762820512,1231.1030203826817,723.1393956905897,28.211604763085155,-19.435377,0.056433413,-0.011710063,-14.246613,3
bb2bdafb-0477-4be4-8c41-1a6192e8c6d4-1430637663087-1.7-m-72-hu.wav,0.22812505,0.07311294,0.11315275493421052,1251.541668385838,954.7068979490564,28.371193235659767,-19.738203,-0.07352943,-0.024425006,-13.269226,3
bb2bdafb-0477-4be4-8c41-1a6192e8c6d4-1430637736064-1.7-m-72-hu.wav,0.30959743,0.11074371,0.18632085272606383,1497.8590029317388,908.3477182914502,29.57751056245308,-20.170147,0.018610956,0.0068893465,-12.833776,3
be21ef2a-a415-4e8b-bfe6-731bf9956e2c-1431320909516-1.7-f-26-hu.wav,0.29008096,0.102467276,0.17830847537878788,1559.3228302122864,786.2100674871298,26.90996374395442,-24.201193,-0.03542379,-0.036707472,-15.521818,3
bfbc4d23-39b2-4b33-b686-2f048f062b60-1430077722675-1.7-f-72-hu.wav,0.09826456,0.027507983,0.10345099954044118,1188.628648553061,999.7817394165507,27.656089596224774,-21.153822,0.033597276,0.0011857623,-16.208267,3
c10e2b0f-0cb8-4485-b82f-d453edf97db7-1430738986076-1.7-f-26-hu.wav,0.01646551,0.0050542066,0.1353435424214976,1234.9981402447,835.0615995388503,24.747037315029047,-42.427143,0.0665667,-0.039162386,-28.387787,3
c10e2b0f-0cb8-4485-b82f-d453edf97db7-1430739158854-1.7-f-26-hu.wav,0.002729657,0.00072593667,0.08941033181179775,981.65556125249,996.6778175304206,23.213219814787458,-43.29201,0.018640669,-0.023659661,-29.36117,3
c10e2b0f-0cb8-4485-b82f-d453edf97db7-1430739179429-1.7-f-26-hu.wav,0.3834492,0.1133239,0.2439196134868421,2025.771775056352,864.2617600203265,28.238888820120003,-24.552202,0.00041470007,-0.028190391,-15.781431,3
C249BCDD-0F65-4D6A-82BE-43C4006E3DDB-1436891733-1.1-m-72-hu.wav,0.09851519,0.027001396,0.16466806449142157,1491.1258477905365,1025.771469674603,24.576508635810114,-25.592203,-0.015710035,0.012354812,-18.579784,3
C249BCDD-0F65-4D6A-82BE-43C4006E3DDB-1436891742-1.1-m-72-hu.wav,0.12537327,0.041058697,0.15852449378188777,1516.4279054275203,937.0407252116385,24.802842787063927,-28.327923,-0.06555034,-0.028629467,-19.055025,3
C421C6FE-DFEE-4080-8AEA-848E7CE4756B-1430548250-1.0-f-48-hu.wav,0.2058099,0.058275912,0.11221528389084508,1281.8682721890766,915.8817449949793,26.13520972818233,-24.7079,-0.049417112,-0.0035551414,-16.763021,3
C421C6FE-DFEE-4080-8AEA-848E7CE4756B-1430548277-1.0-f-26-hu.wav,0.12938826,0.040986326,0.11507607377283105,1289.585835907201,917.1649035226477,26.162203419063587,-29.411581,0.049009494,0.011301178,-20.440115,3
C421C6FE-DFEE-4080-8AEA-848E7CE4756B-1430548333-1.0-f-26-bp.wav,0.08265477,0.020442665,0.1744208757267442,1520.9158613512734,932.1132884621231,24.874724137528087,-29.841833,0.037698016,-0.05171351,-20.27832,0
C421C6FE-DFEE-4080-8AEA-848E7CE4756B-1430548384-1.0-m-26-ti.wav,0.15964812,0.041287273,0.1192817338016055,1234.4473991847328,929.9188064673821,25.273680573459615,-26.202938,0.08462248,0.012127025,-18.87605,4
C421C6FE-DFEE-4080-8AEA-848E7CE4756B-1430548393-1.0-f-26-ti.wav,0.1338135,0.038950734,0.12040480522260275,1259.526151398446,873.1373578904792,26.092801914228044,-26.386755,0.035200007,0.011845665,-17.966112,4
c42e76b9-a4c1-48f6-a91d-27ab83015874-1430737177322-1.7-f-72-hu.wav,0.3227096,0.123827755,0.19073823332055215,1626.3629831835208,866.4870955172064,27.521575958162227,-29.51066,-0.10494931,0.012953079,-20.323805,3
C5127741-5897-468C-A543-7F1B72569F0E-1428333964-1.0-m-26-ti.wav,0.03342255,0.008650544,0.11004638671875,1002.3905799269202,881.1938452719871,24.84809457158089,-35.739647,0.029051969,-0.04051935,-25.424753,4
c6fd9d60-0fa7-44c0-b3ce-0192527d7b81-1429978271017-1.7-m-04-hu.wav,0.17708965,0.06465984,0.0928588200136612,1124.3398564953495,879.3801738410788,27.65180346813252,-20.532593,0.014807712,0.0077124834,-14.060485,3
c6fd9d60-0fa7-44c0-b3ce-0192527d7b81-1430038968282-1.7-m-04-hu.wav,0.3744381,0.12875564,0.1612574800531915,1453.1890932634972,801.133538300831,28.041427955854903,-25.54253,0.03756845,0.015623697,-15.9763975,3
c6fd9d60-0fa7-44c0-b3ce-0192527d7b81-1430066825817-1.7-m-72-hu.wav,0.14355525,0.043787837,0.10229347725591716,1141.5154245887118,903.4848561342026,26.199073901573993,-27.069883,-0.025489872,-0.053183403,-18.89788,3
c6fd9d60-0fa7-44c0-b3ce-0192527d7b81-1430068155237-1.7-m-72-hu.wav,0.16238706,0.057285044,0.1456635346283784,1413.8951554811417,861.4426875263249,27.235256149959188,-27.183765,-0.006017643,-0.011494175,-18.307175,3
c6fd9d60-0fa7-44c0-b3ce-0192527d7b81-1430068167526-1.7-m-72-hu.wav,0.2775581,0.09246102,0.11613190932080925,1317.6137170221052,855.0838795653654,26.980012527058484,-22.915783,0.0057939594,-0.038425423,-14.708377,3
c7fef089-4a65-4b75-bfd4-bae0e3518adf-1430754388848-1.7-m-04-hu.wav,0.34121338,0.10533659,0.1322265625,1311.6047761706307,836.4260165719958,28.80443463096275,-21.04081,0.031241983,-0.026877157,-13.818772,3
ca7d8d54-13cb-4060-8db4-90651b60c078-1434674769219-1.7-f-26-hu.wav,0.2619563,0.11449753,0.11272063078703703,1227.2086413580198,807.9243521742778,28.498801526298557,-26.292103,0.057486676,-0.013925499,-18.880627,3
ca7d8d54-13cb-4060-8db4-90651b60c078-1434674792223-1.7-f-26-ti.wav,0.17867479,0.070756964,0.1064453125,1143.9887913278155,723.6639235642051,28.296128336661045,-29.751898,-0.05032122,-0.027225416,-19.596785,4
CC8771B1-C84E-4223-A010-029A7629A975-1434107299-1.1-f-04-hu.wav,0.060026534,0.016751323,0.1608117508561644,1482.9681493536114,923.7706261610878,25.210825043466436,-33.862244,-0.044465557,0.039036743,-22.486433,3
cda99fcf-d010-47b4-8987-f54be313ddbd-1429973787766-1.7-f-26-hu.wav,0.09582882,0.03263234,0.10812617007488479,1042.7574358759105,626.2767415009877,28.98906289714156,-27.01179,0.034212887,-0.009890221,-18.334618,3
cde108d0-62c3-47f8-82c4-233c9fba5cdd-1436884406827-1.7-m-48-hu.wav,0.23868252,0.06425819,0.18111108054577466,1595.816603139947,973.9001850055303,26.46433524104668,-16.9292,0.057455376,0.0010437042,-12.058399,3
cde108d0-62c3-47f8-82c4-233c9fba5cdd-1436884444242-1.7-m-48-hu.wav,0.7124188,0.21736822,0.22655791519953053,1890.2855097687004,906.8330238997404,28.75581198527818,-17.665472,0.06022659,-0.0043874714,-10.770185,3
cecd525b-18fd-49e3-b2b9-dfb08b93ad95-1430109958636-1.7-m-26-hu.wav,0.07466713,0.021278774,0.10234663639162561,1162.640707300344,1001.5591117346596,27.41417441899311,-15.668172,0.030928697,-0.008174965,-12.406494,3
cecd525b-18fd-49e3-b2b9-dfb08b93ad95-1430110029205-1.7-m-26-ti.wav,0.11663238,0.03713028,0.12579922652363185,1281.7601670684728,993.954453741186,28.17909156442785,-15.943766,0.024439575,0.004895156,-11.994143,4
D18A30C6-4370-4BE0-83F8-031892F96603-1432989796-1.1-f-04-hu.wav,0.17761533,0.055962805,0.14574838033536586,1477.5913891866082,954.487824576691,25.40666541022956,-25.049456,-0.041654892,-0.0060697747,-17.104483,3
D1CB71F9-EF76-49B3-A703-41D557444D21-1436863366-1.1-m-04-hu.wav,0.0508195,0.019213563,0.073171123092723,1005.1903267794479,916.0977057767856,25.604431933093714,-29.770035,-0.025588185,0.01083251,-21.75002,3
D1CB71F9-EF76-49B3-A703-41D557444D21-1436863375-1.1-m-04-hu.wav,0.2818815,0.097046405,0.18286244292237444,1766.0072298698503,913.0382486084624,27.883397540550316,-21.168644,0.026014343,-0.0031243532,-13.519756,3
D1CB71F9-EF76-49B3-A703-41D557444D21-1436863419-1.1-f-26-dc.wav,0.2810551,0.09638446,0.11236042736872145,1228.6253939040423,845.8380628593376,27.25008829703927,-22.286757,0.09933921,0.022001585,-14.056538,2
d1e236a0-e030-4137-9030-5625026cd098-1430477951092-1.2-m-04-hu.wav,0.28595588,0.10662395,0.11356834129050926,1022.2775642971394,598.7257621249607,27.68838245060782,-28.970383,0.033209022,0.017836938,-17.90958,3
d1e236a0-e030-4137-9030-5625026cd098-1430477960643-1.2-m-04-hu.wav,0.55974686,0.21026862,0.11265570996543779,1072.6595317828783,608.1158717005209,26.582010815408243,-22.802992,0.082381524,0.05807578,-14.646565,3
D4665929-8695-4655-927F-63F09B2D4CB8-1430726940-1.0-f-26-ti.wav,0.015550794,0.005399048,0.18205848106971154,1574.9179257655223,946.5419799255831,24.364829468653216,-39.354378,0.017909238,-0.018988537,-26.945223,4
D54D9C2A-56ED-4338-9D1F-2ADB4E081DAD-1429807587-1.0-m-48-hu.wav,0.11041982,0.032856952,0.15641499001141554,1520.4604887527546,918.9032929871577,25.540549292742448,-30.686949,0.07954434,0.010843034,-21.360949,3
D54D9C2A-56ED-4338-9D1F-2ADB4E081DAD-1429807598-1.0-m-48-hu.wav,0.08960671,0.028714102,0.16295012417218543,1572.5925232951583,949.4589269480078,25.52654619958535,-30.74355,0.15373991,-0.06478822,-19.900593,3
D54D9C2A-56ED-4338-9D1F-2ADB4E081DAD-1430036283-1.0-m-48-hu.wav,0.23020716,0.07385946,0.1954223048744019,1694.2137591062026,787.4192043415376,24.529531420053544,-25.551146,0.028889364,-0.00024048459,-17.238888,3
D54D9C2A-56ED-4338-9D1F-2ADB4E081DAD-1430036301-1.0-m-48-hu.wav,0.21836898,0.066788025,0.14640081885026737,1440.8411282206878,767.8087811807708,24.715401718649833,-26.936811,-0.002854881,-0.018428823,-18.539078,3
d5abedab-9ed5-48d0-a83b-fc00c33d6d6b-1430079192907-1.7-f-04-ti.wav,0.022084583,0.0047614425,0.2012992527173913,1706.7069031921603,881.6480408431547,24.242149851822674,-41.08177,-0.019091299,-0.016842088,-28.265055,4
d6cda191-4962-4308-9a36-46d5648a95ed-1426942891562-1.4-f-48-dc.wav,0.014144097,0.0032728147,0.11933261908373786,1179.5524053184859,965.203389546731,23.976388683990596,-32.497593,0.06864954,0.0074240724,-21.14759,2
d6cda191-4962-4308-9a36-46d5648a95ed-1428333797380-1.5-f-26-hu.wav,0.21751961,0.07305936,0.11225399163251366,1091.1396067229446,856.5415180868087,26.095767973623136,-20.761898,0.050743762,-0.020581199,-13.650949,3
d6cda191-4962-4308-9a36-46d5648a95ed-1430640304482-1.7-m-04-hu.wav,0.17784254,0.05452452,0.20677341924649534,1756.578248769467,862.0097103439446,26.601440562684747,-29.683588,0.06187397,-0.028204072,-18.734455,3
d6cda191-4962-4308-9a36-46d5648a95ed-1431086262776-1.7-m-04-ch.wav,0.19528724,0.05890931,0.22448388215537382,1815.5630233771715,833.4485017974783,27.050731112946355,-28.962358,0.014472381,-0.0022789072,-18.347904,2
d6cda191-4962-4308-9a36-46d5648a95ed-1431159262344-1.7-m-04-bp.wav,0.11651133,0.037821468,0.2034581264602804,1693.5694136150298,857.1092537199298,27.41290841601896,-31.326227,0.06560675,0.0043856385,-19.591959,0
d6cda191-4962-4308-9a36-46d5648a95ed-1431159272600-1.7-m-04-bp.wav,0.14145699,0.043832507,0.22431731892523366,1798.9513831923148,822.5134337161371,26.805474515199645,-30.421501,-0.0056974874,0.011496063,-19.042662,0
d6cda191-4962-4308-9a36-46d5648a95ed-1431161889263-1.7-m-04-dc.wav,0.04174914,0.013210503,0.15049378301056338,1306.7337788271034,842.3589278276297,25.105121611597166,-34.077217,0.054204762,-0.017698046,-22.235638,2
d6cda191-4962-4308-9a36-46d5648a95ed-1431587887997-1.7-m-04-ti.wav,0.4036325,0.14555168,0.19083023071289062,1690.899535420654,715.8559062918067,27.13382555529308,-29.772488,-0.030467587,-0.034987796,-19.132584,4
d6cda191-4962-4308-9a36-46d5648a95ed-1431587899682-1.7-m-04-ti.wav,0.3430861,0.115224384,0.19590682212752525,1673.5658915591264,762.8662255667934,27.41128773034988,-29.579178,0.0333789,-0.03109307,-18.36655,4
d6cda191-4962-4308-9a36-46d5648a95ed-1431616581736-1.7-m-04-ti.wav,0.21571897,0.062873974,0.2395391555059524,1877.1832219673154,893.2816694236725,27.38475375746728,-27.515379,0.07543216,-0.0065007093,-17.190327,4
d6cda191-4962-4308-9a36-46d5648a95ed-1431700390946-1.7-m-04-bp.wav,0.7065619,0.20376042,0.2837621385806075,2182.3263048415943,761.399222043379,26.174852235388084,-20.468355,-0.038431637,-0.05625859,-12.624969,0
d6cda191-4962-4308-9a36-46d5648a95ed-1431882032820-1.7-m-04-hu.wav,0.4264838,0.118103996,0.22759460159952608,1785.8385151751038,789.044012222764,25.65009501391487,-21.731436,0.12787402,-0.023831591,-13.570869,3
d6cda191-4962-4308-9a36-46d5648a95ed-1431882043380-1.7-m-04-hu.wav,0.19320454,0.053296536,0.2752217800817757,2025.6572441425556,758.1404565931747,24.527704638541575,-32.28728,0.10442439,-0.015963903,-21.374369,3
d79affbc-f7b4-4ef0-ae57-be5da4b827bf-1430761514476-1.7-m-72-hu.wav,0.035660353,0.009807663,0.11248114557549505,1146.6591984661925,827.2693502941053,25.842746395206518,-31.524847,0.04712354,-0.028695019,-23.743834,3
d79affbc-f7b4-4ef0-ae57-be5da4b827bf-1430761528998-1.7-m-72-hu.wav,0.027825449,0.00869145,0.09090209359605911,1080.0301101321002,842.3144125843714,28.04993628156003,-30.411661,0.015002464,-0.01575986,-23.081758,3
D833237F-1F7C-4338-BEDE-84C0CF5F4145-1430083995-1.0-f-26-hu.wav,0.13435689,0.047832645,0.10177851382488479,1043.893940595301,693.489939594429,27.320291155448224,-28.960121,-0.0146149015,0.009349506,-20.631542,3
D833237F-1F7C-4338-BEDE-84C0CF5F4145-1430084007-1.0-f-26-hu.wav,0.115377225,0.040123496,0.08983483162100457,962.7122923498519,714.3483151453994,26.715911939551432,-31.425608,0.006890134,0.021574693,-21.928596,3
DB95BF4A-E3E5-4429-A660-DBBCF486E6DF-1430664611-1.0-f-72-hu.wav,0.031540792,0.009037189,0.16055717818233944,1398.0589212874331,830.8938952345404,24.07256482729119,-36.6852,-0.056916513,0.038325734,-25.169924,3
DB95BF4A-E3E5-4429-A660-DBBCF486E6DF-1430664633-1.0-f-72-hu.wav,0.03495955,0.011059229,0.12322126116071429,1234.2057177984923,849.196443517672,24.555232239053698,-36.904457,-0.15439378,0.038354494,-25.163153,3
DBA77EDC-D457-4B3A-83B8-B7AFBF272D4E-1436860486-1.1-m-72-hu.wav,0.06592054,0.021806603,0.10273080764840183,1143.576887331112,926.7936538290332,25.925908815991754,-22.447979,0.053364992,0.051978696,-17.639133,3
dc5429de-26b4-48e2-bc47-bc607b9bba06-1430741828918-1.7-f-72-hu.wav,0.0635901,0.019816678,0.1851477989783654,1596.183974928767,694.4718900117654,27.013878342058423,-36.604053,-0.016629577,-0.0021893606,-24.132477,3
DCB33551-F9BA-4B4A-8DA1-A3107E1AD859-1430406483-1.0-m-04-hu.wav,0.1995283,0.065984644,0.14961485105140188,1376.4096650503811,956.4276376637094,25.590112207516327,-16.012955,0.0058113267,0.0060924697,-12.541026,3
DCB33551-F9BA-4B4A-8DA1-A3107E1AD859-1430406495-1.0-m-04-hu.wav,0.45003423,0.13194339,0.20213951912100456,1698.3461304541322,957.0063378824868,24.849506136868822,-12.67307,0.008065267,-0.0046605105,-9.537191,3
e0717ce2-da25-417c-89a5-58d7175f4a6d-1436966513203-1.7-m-26-hu.wav,0.10492304,0.019720675,0.19193050986842106,1523.9757595885426,871.3972414098935,24.166963543732656,-26.100332,0.06162601,-0.017940942,-18.362286,3
e0cc5beb-50e5-46ef-852e-c92106216e62-1430143334661-1.7-m-04-hu.wav,0.046005964,0.014584596,0.1946739783653846,1681.7592027647474,871.8127967704127,27.634738132122628,-32.930027,-0.06145234,0.027697887,-21.232681,3
e1e640e2-78cb-4cb7-9ccc-93813bfc251c-1430738640598-1.7-m-72-hu.wav,0.18427706,0.049860824,0.1628973932549505,1494.474496619223,946.0056176519677,25.844268687672127,-26.184908,0.07110963,-0.017998451,-17.849123,3
e1e640e2-78cb-4cb7-9ccc-93813bfc251c-1430738652322-1.7-m-72-hu.wav,0.11924054,0.04241828,0.10895182291666666,1145.10930442147,860.1666379482125,24.14129170923444,-28.1737,0.054589197,-0.017271793,-19.661957,3
E2C4BCE0-99FD-49EC-8AB1-5EA5DF7DD8C5-1430042952-1.0-m-04-hu.wav,0.061432306,0.015913082,0.13579799107142856,1384.2181664021984,1009.6479554050837,25.36239719251057,-29.361927,0.0009574618,0.004644084,-21.178185,3
e36730a9-d62b-4752-856f-b42feb1585df-1429975817524-1.7-m-04-hu.wav,0.17846571,0.073756106,0.12147539511494253,1245.25632892054,732.0451440251727,28.166014362100306,-31.859724,-0.10703074,-0.09213679,-20.966324,3
e37c323c-0edb-4942-be47-3cc0b2de00a1-1434392919844-1.7-f-26-hu.wav,0.06702642,0.022946341,0.12184336487676056,1202.9494027093428,836.3157198378417,28.70492653418603,-29.471106,0.045948304,-0.00028713554,-18.504585,3
e37c323c-0edb-4942-be47-3cc0b2de00a1-1434392936735-1.7-f-26-hu.wav,0.12670317,0.0362915,0.1440934806034483,1394.856765745133,865.8920092851891,26.48310010833427,-29.222052,0.02450883,-0.024563491,-19.208212,3
e4051e62-d21d-4bb8-a235-fd7e859ad787-1430739655763-1.7-m-04-hu.wav,0.26114172,0.12944867,0.09313730093149039,1097.6868665025938,838.3728510583097,29.976674033609356,-25.361462,0.107018374,-0.011591552,-15.272558,3
e4051e62-d21d-4bb8-a235-fd7e859ad787-1430740613780-1.7-f-72-hu.wav,0.31697536,0.11387096,0.10325600228658537,1228.899930151639,936.1283500489847,27.652483444678232,-20.725712,0.06890872,0.0136072645,-13.379987,3
EC2E1160-BC33-450A-A62D-DE2A4C0D42BB-1430039051-1.0-f-48-hu.wav,0.32789943,0.116168015,0.16448946220930233,1606.5512977897972,914.60101827639,27.66012820013953,-17.285023,0.06178755,-0.014175755,-10.681104,3
eccb4617-8373-4c4f-b49e-bb2d72bce8d8-1430035348191-1.7-m-26-hu.wav,0.08601795,0.024742536,0.10897216796875,1230.951306497983,920.7323248141993,26.717230804968064,-30.105324,-0.0009980657,0.0032340505,-20.405247,3
ed31b187-34af-4ff1-979c-3b8a5905fb7b-1430044808480-1.7-m-04-hu.wav,0.23931555,0.07056094,0.1734644571940104,1532.9328350558637,844.9732896204981,25.901664555044174,-22.348804,-0.0118971,0.015938312,-15.052388,3
ed31b187-34af-4ff1-979c-3b8a5905fb7b-1430044853892-1.7-f-04-hu.wav,0.15121163,0.04549337,0.13538059543918918,1319.2810706399682,867.2877605277855,26.717796548779518,-24.730337,0.039255828,-0.024649289,-17.394703,3
ed31b187-34af-4ff1-979c-3b8a5905fb7b-1430044897699-1.7-f-48-hu.wav,0.38214,0.10912321,0.1887388838098404,1675.6164313220602,838.2279264013453,27.009006396042356,-23.462156,0.059590127,-0.051373232,-15.664827,3
ed31b187-34af-4ff1-979c-3b8a5905fb7b-1430045366784-1.7-f-04-hu.wav,0.064477794,0.017670806,0.1425829594678218,1342.3992686498152,834.0479214187426,26.800231902735245,-26.831615,0.03947256,-0.0345651,-18.500889,3
edb5924c-07ba-4eaa-838b-aaf9511a219b-1431894189631-1.7-m-48-hu.wav,0.30001244,0.07255051,0.16414388020833334,1486.0117685061746,901.3959615768057,24.55448135143889,-21.676702,0.003278577,-0.009970166,-15.496734,3
edb5924c-07ba-4eaa-838b-aaf9511a219b-1431899400326-1.7-m-48-hu.wav,0.37480143,0.106227964,0.10606421493902439,1119.6820598901168,751.9054305044666,26.19018391451816,-20.168234,0.06636454,-0.0058033024,-13.901439,3
eea17285-4ab9-4d34-a2f5-55fc8c866ac6-1431887695278-1.7-f-26-ti.wav,0.0049135513,0.001501127,0.07795588795731707,1109.3748914841112,1080.3608112767322,26.61667607461108,-33.574787,0.084734626,-0.014801369,-23.887474,4
efd13da0-d40e-48bc-b14e-dee28af4d3c6-1430728179252-1.7-m-22-hu.wav,0.31085998,0.11136168,0.10021570226648352,1094.7586824222203,718.7617534561897,27.129200649997692,-25.715471,-0.004730376,-0.018172653,-18.045218,3
F1AF5794-AD3B-4181-B010-AB835E5BDA64-1430441342-1.0-m-72-hu.wav,0.062994085,0.014449538,0.1661479179495074,1446.0456316406512,1003.2053827765989,23.062886192273773,-29.496778,-0.04735989,0.020933481,-21.004995,3
F24DE44B-762C-4149-AC92-96A5E57ED118-1430816918-1.0-m-04-hu.wav,0.24810949,0.10243873,0.064031982421875,921.1060935756768,729.7138299189443,29.918412551408036,-28.127281,-0.010208428,-0.015233713,-17.299385,3
F24DE44B-762C-4149-AC92-96A5E57ED118-1430816936-1.0-m-04-hu.wav,0.28306466,0.12027539,0.059452216569767444,941.3324897295529,826.6437898394224,31.288042091431052,-26.987324,0.04237157,-0.008133523,-16.7976,3
F24DE44B-762C-4149-AC92-96A5E57ED118-1430816949-1.0-m-04-bu.wav,0.17697114,0.072953425,0.06153061810661765,884.7421681410168,790.8337622702321,28.844409368681227,-28.411589,0.019385587,0.006734582,-18.383017,1
f258a8e2-92cd-4843-9da4-80ed26ec8e10-1436944996156-1.7-f-26-ch.wav,0.4304868,0.12287542,0.19685633042279413,1722.2114759082306,871.629271354019,27.677270319743258,-22.063322,0.038964674,-0.0340544,-14.222767,2
F2F97740-D638-4B6F-9E09-3AC65F06B448-1436849313-1.1-f-48-hu.wav,0.12606964,0.042006787,0.11312294877283105,1180.813125052341,855.6952950818649,26.853531908950583,-20.723743,0.06474206,0.055737756,-14.996347,3
F2F97740-D638-4B6F-9E09-3AC65F06B448-1436849335-1.1-f-48-hu.wav,0.07619972,0.023791488,0.10725911458333333,1063.8362748781897,859.8502413675004,26.64771609367504,-21.543198,0.07012337,0.054657348,-15.785394,3
F3BAEDDA-CDC0-4A65-90EE-5C372CEE4F3B-1437012044-1.1-m-26-hu.wav,0.21903802,0.07807222,0.16870005707762556,1503.0575734190923,839.7955029032939,26.566781751995087,-18.92749,0.06675569,0.014708669,-13.989429,3
F3BAEDDA-CDC0-4A65-90EE-5C372CEE4F3B-1437012059-1.1-m-26-hu.wav,0.22451483,0.081353724,0.1591529323630137,1549.5273767427577,901.555102169707,26.626856013798992,-18.331667,0.09085459,0.02998401,-13.846258,3
F3BAEDDA-CDC0-4A65-90EE-5C372CEE4F3B-1437012076-1.1-f-26-hu.wav,0.07722464,0.023379885,0.10419921875,1225.2708142649203,938.6794003977939,25.956940516314962,-23.38869,-0.016429571,-0.043719012,-18.810165,3
F4A0C710-AC2D-42E0-8EA9-3E4CAC31EE20-1430318390-1.0-m-04-hu.wav,0.16786852,0.06344756,0.10947087257420092,1280.2377290802285,850.1865538311232,26.80190575545736,-27.81172,-0.01483724,-0.013301865,-17.469099,3
F4A0C710-AC2D-42E0-8EA9-3E4CAC31EE20-1430318400-1.0-m-04-hu.wav,0.23608783,0.07508563,0.12390472692087157,1272.31253073639,820.6329971121548,25.960432126262987,-27.361818,0.03638977,-0.013851199,-16.933578,3
F4A0C710-AC2D-42E0-8EA9-3E4CAC31EE20-1430318416-1.0-m-04-hu.wav,0.35843286,0.11390653,0.16165676726598174,1509.5785825814066,829.0638429209359,26.72003336050935,-22.731176,0.08891815,0.033518266,-13.684027,3
F4A65A98-ADEE-49C4-9B45-65A8429DF170-1430232330-1.0-m-72-hu.wav,0.10558684,0.038209327,0.1826773865582192,1628.153262685995,999.992517565347,26.17396571548137,-31.08155,-0.075351894,-0.01995166,-20.450142,3
f5b29377-7cd6-4688-942c-5a07add39dc5-1437178455960-1.7-f-26-hu.wav,0.2538829,0.09054326,0.11720929827008929,1113.4872253828769,645.564653154559,27.112990674157608,-27.269863,-0.09805432,-0.026767055,-17.436226,3
f5b29377-7cd6-4688-942c-5a07add39dc5-1437480263225-1.7-f-26-dc.wav,0.58094174,0.19602825,0.1646899745475113,1421.761338032984,757.4662930174237,27.22529898893684,-19.863815,-0.0015887956,-0.0025587894,-12.548859,2
F6C6D3EE-F139-48A4-9EAC-0A50EB011CDC-1430103957-1.0-m-04-hu.wav,0.50938165,0.20773108,0.2029800763413242,1787.8948152157495,814.0905639790202,25.785453782442158,-16.89007,-0.025604121,-0.010409635,-11.271469,3
F6C6D3EE-F139-48A4-9EAC-0A50EB011CDC-1430103974-1.0-m-04-hu.wav,0.49256468,0.16567758,0.1789955637562814,1684.4418675822355,850.0232720719749,26.026483969302504,-17.367876,0.042580232,-0.014757147,-11.491385,3
f896b69d-6241-4b51-9c45-0d628bc827c1-1430090255303-1.7-m-04-hu.wav,0.25817445,0.09554106,0.09606812732054455,1082.2484298666545,769.8564337320612,27.52327047774334,-17.721928,0.07334282,-0.03332853,-14.984262,3
f896b69d-6241-4b51-9c45-0d628bc827c1-1430090274181-1.7-m-04-hu.wav,0.15371872,0.06587734,0.04316017844460227,573.8175135821103,562.7232224555125,26.974347992647488,-22.223745,0.049106073,0.012889402,-17.0313,3
f896b69d-6241-4b51-9c45-0d628bc827c1-1430090400166-1.7-m-72-hu.wav,0.21178687,0.07537476,0.1169369682591623,1210.9315807135836,719.6522987968705,26.98195472806608,-26.238857,0.04422154,0.03142679,-19.594183,3
F950E7E3-A1A5-4A01-99F4-9B155C3C6606-1430305696-1.0-m-72-hu.wav,0.105147906,0.032724157,0.09766081337616822,1125.9520318207806,882.079309063567,26.97522432652874,-23.243809,0.0018549369,-0.02598755,-18.647152,3
F95D4BCE-2FB0-4A0C-A058-BFB0674539AF-1430055800-1.0-m-26-hu.wav,0.2902365,0.10130366,0.12449388199200913,1307.629793300823,919.5999983044117,25.948724113139903,-15.539617,-0.024669694,-0.012925516,-11.982484,3
F95D4BCE-2FB0-4A0C-A058-BFB0674539AF-1430055809-1.0-m-26-hu.wav,0.17818119,0.056480855,0.1356463149257991,1281.3560810088895,859.600601862887,23.7694071925057,-22.5958,0.011697348,0.031237667,-16.672934,3
F95D4BCE-2FB0-4A0C-A058-BFB0674539AF-1430055950-1.0-m-26-hu.wav,0.5822509,0.21307082,0.18316594395068808,1788.9677981756513,963.4726539260985,26.664992622115637,-14.10185,0.0248877,-0.0018193168,-8.985263,3
fa8620d3-e7db-4101-aff0-28dbf0d96a5f-1434296505682-1.7-f-04-hu.wav,0.3321737,0.12437798,0.12736790154569894,1157.3750332757063,596.3835882928754,26.823763520025626,-29.647585,0.047377996,0.023449052,-19.858093,3
fa8620d3-e7db-4101-aff0-28dbf0d96a5f-1434465485354-1.7-f-04-hu.wav,0.17207485,0.06644205,0.126953125,1321.0792718913112,806.3892944546632,26.535448718773974,-30.852737,0.092338204,0.028349228,-20.553055,3
FAE74A94-9968-43ED-958C-50D7C4C1F13C-1430770858-1.0-f-22-hu.wav,0.22397447,0.08356935,0.07321229272959184,993.5125148850648,811.675921982195,28.009921572338058,-28.05089,-0.011354552,-0.029939333,-18.587507,3
FAE74A94-9968-43ED-958C-50D7C4C1F13C-1430770871-1.0-f-22-hu.wav,0.22562352,0.09029579,0.07813544451871658,898.6225433836095,781.5816093380377,27.28078734833834,-32.35551,-0.06715942,0.0008095648,-20.439207,3
FF2CD2F6-404D-4626-8718-6E6C751F63B8-1431104337-1.0-m-04-hu.wav,0.16417004,0.05749079,0.0796943019278607,961.3047924257768,763.2838818305369,25.752350806099958,-29.353205,0.011241702,0.0050576953,-19.68867,3
FF2CD2F6-404D-4626-8718-6E6C751F63B8-1431104346-1.0-m-04-hu.wav,0.13700148,0.05058455,0.09231414098173515,1092.0820478246048,824.0128873067655,26.11877681119694,-28.083027,0.000133773,0.025534691,-18.532806,3
FF2CD2F6-404D-4626-8718-6E6C751F63B8-1431104360-1.0-m-04-hu.wav,0.18274233,0.07123738,0.09993413880813953,1178.996194506272,806.7905724435667,26.5985448205538,-25.883844,0.047322076,-0.023637477,-16.761097,3
FF2CD2F6-404D-4626-8718-6E6C751F63B8-1431104396-1.0-m-04-hu.wav,0.1394856,0.051953882,0.10210766838592233,1077.0134632271356,806.2833904750711,26.78939839955652,-28.987415,0.023476217,-0.019848209,-19.197279,3
FF482278-24C9-4FB0-A7BE-FD92D1FE17B4-1430028319-1.0-m-26-hu.wav,0.24525385,0.091901645,0.11056504360465116,1236.1322819284485,875.6878801966657,25.7566918695918,-22.15982,0.11121389,-0.019809077,-15.420201,3
