index,file_path,label,group_id,source_filename,split_candidate_note
0,02c3b725-26e4-4a2c-9336-04ddc58836d9-1430726196216-1.7-m-04-hu.wav,3,02C3B725-26E4-4A2C-9336-04DDC58836D9,02c3b725-26e4-4a2c-9336-04ddc58836d9-1430726196216-1.7-m-04-hu.wav,Derived from UUID pattern
1,02ead89b-aa02-453e-8b83-6ebde9fe7551-1430233132879-1.7-m-26-hu.wav,3,02EAD89B-AA02-453E-8B83-6EBDE9FE7551,02ead89b-aa02-453e-8b83-6ebde9fe7551-1430233132879-1.7-m-26-hu.wav,Derived from UUID pattern
2,035c6b30-a145-42b9-8d0f-445cd9003d2c-1435948197257-1.7-m-04-hu.wav,3,035C6B30-A145-42B9-8D0F-445CD9003D2C,035c6b30-a145-42b9-8d0f-445cd9003d2c-1435948197257-1.7-m-04-hu.wav,Derived from UUID pattern
3,03abcb8f-400a-47d8-ad82-7e4586cc06be-1431864192133-1.7-f-48-hu.wav,3,03ABCB8F-400A-47D8-AD82-7E4586CC06BE,03abcb8f-400a-47d8-ad82-7e4586cc06be-1431864192133-1.7-f-48-hu.wav,Derived from UUID pattern
4,03ADDCFB-354E-416D-BF32-260CF47F7060-1433658024-1.1-f-04-ti.wav,4,03ADDCFB-354E-416D-BF32-260CF47F7060,03ADDCFB-354E-416D-BF32-260CF47F7060-1433658024-1.1-f-04-ti.wav,Derived from UUID pattern
5,045C5483-69E1-4BEC-B1D8-9286D174B9B2-1430102996-1.0-m-04-hu.wav,3,045C5483-69E1-4BEC-B1D8-9286D174B9B2,045C5483-69E1-4BEC-B1D8-9286D174B9B2-1430102996-1.0-m-04-hu.wav,Derived from UUID pattern
6,04c3386b-e6bc-4bd0-8456-d46ae21a73fc-1435305829013-1.7-f-26-hu.wav,3,04C3386B-E6BC-4BD0-8456-D46AE21A73FC,04c3386b-e6bc-4bd0-8456-d46ae21a73fc-1435305829013-1.7-f-26-hu.wav,Derived from UUID pattern
7,06c4cfa2-7fa6-4fda-91a1-ea186a4acc64-1430029221058-1.7-f-26-ti.wav,4,06C4CFA2-7FA6-4FDA-91A1-EA186A4ACC64,06c4cfa2-7fa6-4fda-91a1-ea186a4acc64-1430029221058-1.7-f-26-ti.wav,Derived from UUID pattern
8,06c4cfa2-7fa6-4fda-91a1-ea186a4acc64-1430029237378-1.7-f-26-ti.wav,4,06C4CFA2-7FA6-4FDA-91A1-EA186A4ACC64,06c4cfa2-7fa6-4fda-91a1-ea186a4acc64-1430029237378-1.7-f-26-ti.wav,Derived from UUID pattern
9,06c4cfa2-7fa6-4fda-91a1-ea186a4acc64-1430029246453-1.7-f-26-ti.wav,4,06C4CFA2-7FA6-4FDA-91A1-EA186A4ACC64,06c4cfa2-7fa6-4fda-91a1-ea186a4acc64-1430029246453-1.7-f-26-ti.wav,Derived from UUID pattern
10,0776b33b-c41a-4a2e-8b9c-f1c184be00c8-1437123838264-1.7-f-26-hu.wav,3,0776B33B-C41A-4A2E-8B9C-F1C184BE00C8,0776b33b-c41a-4a2e-8b9c-f1c184be00c8-1437123838264-1.7-f-26-hu.wav,Derived from UUID pattern
11,08E9485B-2772-444B-A636-77E14DD14A8C-1431493441-1.0-m-04-hu.wav,3,08E9485B-2772-444B-A636-77E14DD14A8C,08E9485B-2772-444B-A636-77E14DD14A8C-1431493441-1.0-m-04-hu.wav,Derived from UUID pattern
12,08E9485B-2772-444B-A636-77E14DD14A8C-1431493453-1.0-m-04-hu.wav,3,08E9485B-2772-444B-A636-77E14DD14A8C,08E9485B-2772-444B-A636-77E14DD14A8C-1431493453-1.0-m-04-hu.wav,Derived from UUID pattern
13,090C15A8-5406-4EA5-97A3-81F6527227C0-1430147515-1.0-m-72-hu.wav,3,090C15A8-5406-4EA5-97A3-81F6527227C0,090C15A8-5406-4EA5-97A3-81F6527227C0-1430147515-1.0-m-72-hu.wav,Derived from UUID pattern
14,090C15A8-5406-4EA5-97A3-81F6527227C0-1430147525-1.0-m-72-hu.wav,3,090C15A8-5406-4EA5-97A3-81F6527227C0,090C15A8-5406-4EA5-97A3-81F6527227C0-1430147525-1.0-m-72-hu.wav,Derived from UUID pattern
15,090C15A8-5406-4EA5-97A3-81F6527227C0-1430147533-1.0-m-72-hu.wav,3,090C15A8-5406-4EA5-97A3-81F6527227C0,090C15A8-5406-4EA5-97A3-81F6527227C0-1430147533-1.0-m-72-hu.wav,Derived from UUID pattern
16,090C15A8-5406-4EA5-97A3-81F6527227C0-1430147582-1.0-m-72-hu.wav,3,090C15A8-5406-4EA5-97A3-81F6527227C0,090C15A8-5406-4EA5-97A3-81F6527227C0-1430147582-1.0-m-72-hu.wav,Derived from UUID pattern
17,0a983cd2-0078-4698-a048-99ac01eb167a-1433917038889-1.7-f-04-hu.wav,3,0A983CD2-0078-4698-A048-99AC01EB167A,0a983cd2-0078-4698-a048-99ac01eb167a-1433917038889-1.7-f-04-hu.wav,Derived from UUID pattern
18,0c8f14a9-6999-485b-97a2-913c1cbf099c-1430760379259-1.7-m-26-hu.wav,3,0C8F14A9-6999-485B-97A2-913C1CBF099C,0c8f14a9-6999-485b-97a2-913c1cbf099c-1430760379259-1.7-m-26-hu.wav,Derived from UUID pattern
19,0c8f14a9-6999-485b-97a2-913c1cbf099c-1430760394426-1.7-m-26-hu.wav,3,0C8F14A9-6999-485B-97A2-913C1CBF099C,0c8f14a9-6999-485b-97a2-913c1cbf099c-1430760394426-1.7-m-26-hu.wav,Derived from UUID pattern
20,0D1AD73E-4C5E-45F3-85C4-9A3CB71E8856-1430742197-1.0-m-04-hu.wav,3,0D1AD73E-4C5E-45F3-85C4-9A3CB71E8856,0D1AD73E-4C5E-45F3-85C4-9A3CB71E8856-1430742197-1.0-m-04-hu.wav,Derived from UUID pattern
21,0f257dac-7d6f-4575-9192-e3b4dcd3d4ef-1430185441581-1.7-f-26-hu.wav,3,0F257DAC-7D6F-4575-9192-E3B4DCD3D4EF,0f257dac-7d6f-4575-9192-e3b4dcd3d4ef-1430185441581-1.7-f-26-hu.wav,Derived from UUID pattern
22,0F4B1065-4012-47C8-88B7-ACE11B1A536E-1430038775-1.0-m-04-hu.wav,3,0F4B1065-4012-47C8-88B7-ACE11B1A536E,0F4B1065-4012-47C8-88B7-ACE11B1A536E-1430038775-1.0-m-04-hu.wav,Derived from UUID pattern
23,101c6709-39fb-44dc-b905-7cbeed5714a2-1434361963544-1.7-f-04-hu.wav,3,101C6709-39FB-44DC-B905-7CBEED5714A2,101c6709-39fb-44dc-b905-7cbeed5714a2-1434361963544-1.7-f-04-hu.wav,Derived from UUID pattern
24,10A40438-09AA-4A21-83B4-8119F03F7A11-1430848034-1.0-f-26-hu.wav,3,10A40438-09AA-4A21-83B4-8119F03F7A11,10A40438-09AA-4A21-83B4-8119F03F7A11-1430848034-1.0-f-26-hu.wav,Derived from UUID pattern
25,10A40438-09AA-4A21-83B4-8119F03F7A11-1430848060-1.0-f-26-hu.wav,3,10A40438-09AA-4A21-83B4-8119F03F7A11,10A40438-09AA-4A21-83B4-8119F03F7A11-1430848060-1.0-f-26-hu.wav,Derived from UUID pattern
26,10A40438-09AA-4A21-83B4-8119F03F7A11-1430848070-1.0-f-26-hu.wav,3,10A40438-09AA-4A21-83B4-8119F03F7A11,10A40438-09AA-4A21-83B4-8119F03F7A11-1430848070-1.0-f-26-hu.wav,Derived from UUID pattern
27,10A40438-09AA-4A21-83B4-8119F03F7A11-1430848101-1.0-f-26-hu.wav,3,10A40438-09AA-4A21-83B4-8119F03F7A11,10A40438-09AA-4A21-83B4-8119F03F7A11-1430848101-1.0-f-26-hu.wav,Derived from UUID pattern
28,10A40438-09AA-4A21-83B4-8119F03F7A11-1430925142-1.0-f-26-dc.wav,2,10A40438-09AA-4A21-83B4-8119F03F7A11,10A40438-09AA-4A21-83B4-8119F03F7A11-1430925142-1.0-f-26-dc.wav,Derived from UUID pattern
29,10A40438-09AA-4A21-83B4-8119F03F7A11-1430925172-1.0-f-26-hu.wav,3,10A40438-09AA-4A21-83B4-8119F03F7A11,10A40438-09AA-4A21-83B4-8119F03F7A11-1430925172-1.0-f-26-hu.wav,Derived from UUID pattern
30,11417AC2-DCC9-48CD-8177-CA8665E51B2F-1436881489-1.1-m-48-hu.wav,3,11417AC2-DCC9-48CD-8177-CA8665E51B2F,11417AC2-DCC9-48CD-8177-CA8665E51B2F-1436881489-1.1-m-48-hu.wav,Derived from UUID pattern
31,11417AC2-DCC9-48CD-8177-CA8665E51B2F-1436881512-1.1-m-48-dc.wav,2,11417AC2-DCC9-48CD-8177-CA8665E51B2F,11417AC2-DCC9-48CD-8177-CA8665E51B2F-1436881512-1.1-m-48-dc.wav,Derived from UUID pattern
32,1259bcad-2308-46fa-9a36-b5d8f359886a-1430143617162-1.7-m-04-hu.wav,3,1259BCAD-2308-46FA-9A36-B5D8F359886A,1259bcad-2308-46fa-9a36-b5d8f359886a-1430143617162-1.7-m-04-hu.wav,Derived from UUID pattern
33,1259bcad-2308-46fa-9a36-b5d8f359886a-1430143644843-1.7-f-04-hu.wav,3,1259BCAD-2308-46FA-9A36-B5D8F359886A,1259bcad-2308-46fa-9a36-b5d8f359886a-1430143644843-1.7-f-04-hu.wav,Derived from UUID pattern
34,1259bcad-2308-46fa-9a36-b5d8f359886a-1430143668806-1.7-f-04-hu.wav,3,1259BCAD-2308-46FA-9A36-B5D8F359886A,1259bcad-2308-46fa-9a36-b5d8f359886a-1430143668806-1.7-f-04-hu.wav,Derived from UUID pattern
35,1309B82C-F146-46F0-A723-45345AFA6EA8-1430059849-1.0-f-04-hu.wav,3,1309B82C-F146-46F0-A723-45345AFA6EA8,1309B82C-F146-46F0-A723-45345AFA6EA8-1430059849-1.0-f-04-hu.wav,Derived from UUID pattern
36,1309B82C-F146-46F0-A723-45345AFA6EA8-1430059864-1.0-f-04-ti.wav,4,1309B82C-F146-46F0-A723-45345AFA6EA8,1309B82C-F146-46F0-A723-45345AFA6EA8-1430059864-1.0-f-04-ti.wav,Derived from UUID pattern
37,1309B82C-F146-46F0-A723-45345AFA6EA8-1430703937-1.0-f-48-dc.wav,2,1309B82C-F146-46F0-A723-45345AFA6EA8,1309B82C-F146-46F0-A723-45345AFA6EA8-1430703937-1.0-f-48-dc.wav,Derived from UUID pattern
38,1309B82C-F146-46F0-A723-45345AFA6EA8-1430704008-1.0-f-48-dc.wav,2,1309B82C-F146-46F0-A723-45345AFA6EA8,1309B82C-F146-46F0-A723-45345AFA6EA8-1430704008-1.0-f-48-dc.wav,Derived from UUID pattern
39,1309B82C-F146-46F0-A723-45345AFA6EA8-1431172241-1.0-f-48-ti.wav,4,1309B82C-F146-46F0-A723-45345AFA6EA8,1309B82C-F146-46F0-A723-45345AFA6EA8-1431172241-1.0-f-48-ti.wav,Derived from UUID pattern
40,1309B82C-F146-46F0-A723-45345AFA6EA8-1432801693-1.1-f-26-dc.wav,2,1309B82C-F146-46F0-A723-45345AFA6EA8,1309B82C-F146-46F0-A723-45345AFA6EA8-1432801693-1.1-f-26-dc.wav,Derived from UUID pattern
41,1309B82C-F146-46F0-A723-45345AFA6EA8-1432801703-1.1-f-26-dc.wav,2,1309B82C-F146-46F0-A723-45345AFA6EA8,1309B82C-F146-46F0-A723-45345AFA6EA8-1432801703-1.1-f-26-dc.wav,Derived from UUID pattern
42,1445575b-80ad-477b-8e48-36194cac728e-1430244987914-1.7-f-48-hu.wav,3,1445575B-80AD-477B-8E48-36194CAC728E,1445575b-80ad-477b-8e48-36194cac728e-1430244987914-1.7-f-48-hu.wav,Derived from UUID pattern
43,177dc72e-d0f8-47ef-a5a7-3b46878e11a0-1430736358754-1.7-f-26-hu.wav,3,177DC72E-D0F8-47EF-A5A7-3B46878E11A0,177dc72e-d0f8-47ef-a5a7-3b46878e11a0-1430736358754-1.7-f-26-hu.wav,Derived from UUID pattern
44,177dc72e-d0f8-47ef-a5a7-3b46878e11a0-1430736533767-1.7-f-26-hu.wav,3,177DC72E-D0F8-47EF-A5A7-3B46878E11A0,177dc72e-d0f8-47ef-a5a7-3b46878e11a0-1430736533767-1.7-f-26-hu.wav,Derived from UUID pattern
45,177dc72e-d0f8-47ef-a5a7-3b46878e11a0-1430736549614-1.7-f-26-hu.wav,3,177DC72E-D0F8-47EF-A5A7-3B46878E11A0,177dc72e-d0f8-47ef-a5a7-3b46878e11a0-1430736549614-1.7-f-26-hu.wav,Derived from UUID pattern
46,189b78c6-9e78-43f2-bcb8-6cc8a462f4dc-1430807938301-1.7-m-22-hu.wav,3,189B78C6-9E78-43F2-BCB8-6CC8A462F4DC,189b78c6-9e78-43f2-bcb8-6cc8a462f4dc-1430807938301-1.7-m-22-hu.wav,Derived from UUID pattern
47,19aae3d1-51c6-4ffb-aeb8-efb6ae7ba83e-1436861395462-1.7-m-48-hu.wav,3,19AAE3D1-51C6-4FFB-AEB8-EFB6AE7BA83E,19aae3d1-51c6-4ffb-aeb8-efb6ae7ba83e-1436861395462-1.7-m-48-hu.wav,Derived from UUID pattern
48,1abb2260-a652-4ba7-bd98-7d463312730f-1430041727150-1.7-m-04-hu.wav,3,1ABB2260-A652-4BA7-BD98-7D463312730F,1abb2260-a652-4ba7-bd98-7d463312730f-1430041727150-1.7-m-04-hu.wav,Derived from UUID pattern
49,1b381a1e-88a6-4a48-b889-a5ccdf0aacaf-1430299568333-1.7-f-72-hu.wav,3,1B381A1E-88A6-4A48-B889-A5CCDF0AACAF,1b381a1e-88a6-4a48-b889-a5ccdf0aacaf-1430299568333-1.7-f-72-hu.wav,Derived from UUID pattern
50,1f40790f-68f2-4e7e-845e-715bd97c82d0-1429979568422-1.7-m-04-hu.wav,3,1F40790F-68F2-4E7E-845E-715BD97C82D0,1f40790f-68f2-4e7e-845e-715bd97c82d0-1429979568422-1.7-m-04-hu.wav,Derived from UUID pattern
51,1f40790f-68f2-4e7e-845e-715bd97c82d0-1429979603276-1.7-m-72-hu.wav,3,1F40790F-68F2-4E7E-845E-715BD97C82D0,1f40790f-68f2-4e7e-845e-715bd97c82d0-1429979603276-1.7-m-72-hu.wav,Derived from UUID pattern
52,20E2B5A0-40A4-4FD8-8935-AFD1DB833510-1430127670-1.0-m-26-hu.wav,3,20E2B5A0-40A4-4FD8-8935-AFD1DB833510,20E2B5A0-40A4-4FD8-8935-AFD1DB833510-1430127670-1.0-m-26-hu.wav,Derived from UUID pattern
53,218e6fd7-f9c5-4490-afd7-c4fba174e7d2-1430209174300-1.7-m-72-hu.wav,3,218E6FD7-F9C5-4490-AFD7-C4FBA174E7D2,218e6fd7-f9c5-4490-afd7-c4fba174e7d2-1430209174300-1.7-m-72-hu.wav,Derived from UUID pattern
54,218e6fd7-f9c5-4490-afd7-c4fba174e7d2-1430209252819-1.7-m-72-hu.wav,3,218E6FD7-F9C5-4490-AFD7-C4FBA174E7D2,218e6fd7-f9c5-4490-afd7-c4fba174e7d2-1430209252819-1.7-m-72-hu.wav,Derived from UUID pattern
55,21c07aff-0a8d-4e74-ad5e-e3c7f7bcb11b-1430031235662-1.7-m-04-hu.wav,3,21C07AFF-0A8D-4E74-AD5E-E3C7F7BCB11B,21c07aff-0a8d-4e74-ad5e-e3c7f7bcb11b-1430031235662-1.7-m-04-hu.wav,Derived from UUID pattern
56,21c07aff-0a8d-4e74-ad5e-e3c7f7bcb11b-1430105653796-1.7-m-04-hu.wav,3,21C07AFF-0A8D-4E74-AD5E-E3C7F7BCB11B,21c07aff-0a8d-4e74-ad5e-e3c7f7bcb11b-1430105653796-1.7-m-04-hu.wav,Derived from UUID pattern
57,2294E2B2-8E36-4DA6-A898-B947CB9446AB-1436462707-1.1-m-26-dc.wav,2,2294E2B2-8E36-4DA6-A898-B947CB9446AB,2294E2B2-8E36-4DA6-A898-B947CB9446AB-1436462707-1.1-m-26-dc.wav,Derived from UUID pattern
58,22b43570-d440-475b-b2f1-e528c81081f7-1430663490095-1.7-m-04-hu.wav,3,22B43570-D440-475B-B2F1-E528C81081F7,22b43570-d440-475b-b2f1-e528c81081f7-1430663490095-1.7-m-04-hu.wav,Derived from UUID pattern
59,2439388A-9CF2-4D3B-9534-E6951FC9EAD4-1436877933-1.1-m-26-hu.wav,3,2439388A-9CF2-4D3B-9534-E6951FC9EAD4,2439388A-9CF2-4D3B-9534-E6951FC9EAD4-1436877933-1.1-m-26-hu.wav,Derived from UUID pattern
60,2439388A-9CF2-4D3B-9534-E6951FC9EAD4-1436877944-1.1-m-26-hu.wav,3,2439388A-9CF2-4D3B-9534-E6951FC9EAD4,2439388A-9CF2-4D3B-9534-E6951FC9EAD4-1436877944-1.1-m-26-hu.wav,Derived from UUID pattern
61,2439388A-9CF2-4D3B-9534-E6951FC9EAD4-1436877953-1.1-m-26-hu.wav,3,2439388A-9CF2-4D3B-9534-E6951FC9EAD4,2439388A-9CF2-4D3B-9534-E6951FC9EAD4-1436877953-1.1-m-26-hu.wav,Derived from UUID pattern
62,24f2a4e1-7161-42a3-a2a2-a29a2422c0b8-1430814730789-1.7-f-26-hu.wav,3,24F2A4E1-7161-42A3-A2A2-A29A2422C0B8,24f2a4e1-7161-42a3-a2a2-a29a2422c0b8-1430814730789-1.7-f-26-hu.wav,Derived from UUID pattern
63,24f2a4e1-7161-42a3-a2a2-a29a2422c0b8-1430814741368-1.7-f-26-hu.wav,3,24F2A4E1-7161-42A3-A2A2-A29A2422C0B8,24f2a4e1-7161-42a3-a2a2-a29a2422c0b8-1430814741368-1.7-f-26-hu.wav,Derived from UUID pattern
64,24f94b49-c8bc-4ed2-b43a-80b099f12936-1430534429690-1.7-m-04-hu.wav,3,24F94B49-C8BC-4ED2-B43A-80B099F12936,24f94b49-c8bc-4ed2-b43a-80b099f12936-1430534429690-1.7-m-04-hu.wav,Derived from UUID pattern
65,24f94b49-c8bc-4ed2-b43a-80b099f12936-1430534715095-1.7-m-04-hu.wav,3,24F94B49-C8BC-4ED2-B43A-80B099F12936,24f94b49-c8bc-4ed2-b43a-80b099f12936-1430534715095-1.7-m-04-hu.wav,Derived from UUID pattern
66,2562ad82-485a-44c2-ad25-f70fce71480b-1430045593479-1.7-m-72-hu.wav,3,2562AD82-485A-44C2-AD25-F70FCE71480B,2562ad82-485a-44c2-ad25-f70fce71480b-1430045593479-1.7-m-72-hu.wav,Derived from UUID pattern
67,2602b7c2-e96d-42f6-9767-f1ae74925ef8-1431376228657-1.7-f-22-hu.wav,3,2602B7C2-E96D-42F6-9767-F1AE74925EF8,2602b7c2-e96d-42f6-9767-f1ae74925ef8-1431376228657-1.7-f-22-hu.wav,Derived from UUID pattern
68,2a0e6a88-b049-4f46-a3d6-d73ffae470d5-1430770144865-1.7-m-04-hu.wav,3,2A0E6A88-B049-4F46-A3D6-D73FFAE470D5,2a0e6a88-b049-4f46-a3d6-d73ffae470d5-1430770144865-1.7-m-04-hu.wav,Derived from UUID pattern
69,2a0e6a88-b049-4f46-a3d6-d73ffae470d5-1430770161530-1.7-m-04-hu.wav,3,2A0E6A88-B049-4F46-A3D6-D73FFAE470D5,2a0e6a88-b049-4f46-a3d6-d73ffae470d5-1430770161530-1.7-m-04-hu.wav,Derived from UUID pattern
70,2ad6d558-32f2-4bfd-99c5-cbd31ee3bb11-1430064396119-1.7-m-72-hu.wav,3,2AD6D558-32F2-4BFD-99C5-CBD31EE3BB11,2ad6d558-32f2-4bfd-99c5-cbd31ee3bb11-1430064396119-1.7-m-72-hu.wav,Derived from UUID pattern
71,2e25d0a5-0b2b-44ef-8491-e445b16ea75c-1430056314272-1.7-f-26-hu.wav,3,2E25D0A5-0B2B-44EF-8491-E445B16EA75C,2e25d0a5-0b2b-44ef-8491-e445b16ea75c-1430056314272-1.7-f-26-hu.wav,Derived from UUID pattern
72,2e25d0a5-0b2b-44ef-8491-e445b16ea75c-1430056332640-1.7-f-26-hu.wav,3,2E25D0A5-0B2B-44EF-8491-E445B16EA75C,2e25d0a5-0b2b-44ef-8491-e445b16ea75c-1430056332640-1.7-f-26-hu.wav,Derived from UUID pattern
73,2EE636FB-BD76-4118-A0EF-82FAFC32301F-1436586600-1.1-f-04-hu.wav,3,2EE636FB-BD76-4118-A0EF-82FAFC32301F,2EE636FB-BD76-4118-A0EF-82FAFC32301F-1436586600-1.1-f-04-hu.wav,Derived from UUID pattern
74,2F1C0515-EC8E-44C1-ABEA-E04EB475543A-1432143888-1.1-m-22-hu.wav,3,2F1C0515-EC8E-44C1-ABEA-E04EB475543A,2F1C0515-EC8E-44C1-ABEA-E04EB475543A-1432143888-1.1-m-22-hu.wav,Derived from UUID pattern
75,3030d0e9-0c9b-4616-9b83-f10dc2dedbfd-1430053447333-1.7-m-26-hu.wav,3,3030D0E9-0C9B-4616-9B83-F10DC2DEDBFD,3030d0e9-0c9b-4616-9b83-f10dc2dedbfd-1430053447333-1.7-m-26-hu.wav,Derived from UUID pattern
76,3030d0e9-0c9b-4616-9b83-f10dc2dedbfd-1430053456045-1.7-m-26-hu.wav,3,3030D0E9-0C9B-4616-9B83-F10DC2DEDBFD,3030d0e9-0c9b-4616-9b83-f10dc2dedbfd-1430053456045-1.7-m-26-hu.wav,Derived from UUID pattern
77,3030d0e9-0c9b-4616-9b83-f10dc2dedbfd-1430053464739-1.7-m-26-hu.wav,3,3030D0E9-0C9B-4616-9B83-F10DC2DEDBFD,3030d0e9-0c9b-4616-9b83-f10dc2dedbfd-1430053464739-1.7-m-26-hu.wav,Derived from UUID pattern
78,3030d0e9-0c9b-4616-9b83-f10dc2dedbfd-1430053594259-1.7-m-26-hu.wav,3,3030D0E9-0C9B-4616-9B83-F10DC2DEDBFD,3030d0e9-0c9b-4616-9b83-f10dc2dedbfd-1430053594259-1.7-m-26-hu.wav,Derived from UUID pattern
79,3030d0e9-0c9b-4616-9b83-f10dc2dedbfd-1430326171876-1.7-m-26-hu.wav,3,3030D0E9-0C9B-4616-9B83-F10DC2DEDBFD,3030d0e9-0c9b-4616-9b83-f10dc2dedbfd-1430326171876-1.7-m-26-hu.wav,Derived from UUID pattern
80,30c2cee4-b682-4dcb-86b9-7fa6f36f1b66-1430728411287-1.7-f-72-hu.wav,3,30C2CEE4-B682-4DCB-86B9-7FA6F36F1B66,30c2cee4-b682-4dcb-86b9-7fa6f36f1b66-1430728411287-1.7-f-72-hu.wav,Derived from UUID pattern
81,31e785de-b0c9-464f-88e2-bd8f1dd5cda4-1433403682898-1.7-m-04-hu.wav,3,31E785DE-B0C9-464F-88E2-BD8F1DD5CDA4,31e785de-b0c9-464f-88e2-bd8f1dd5cda4-1433403682898-1.7-m-04-hu.wav,Derived from UUID pattern
82,323cab80-2551-4a46-8c3d-62c7a5264afa-1430382588301-1.7-m-22-hu.wav,3,323CAB80-2551-4A46-8C3D-62C7A5264AFA,323cab80-2551-4a46-8c3d-62c7a5264afa-1430382588301-1.7-m-22-hu.wav,Derived from UUID pattern
83,35D58153-7AB7-443D-BED0-2D7ABF73743F-1431855847-1.1-m-04-hu.wav,3,35D58153-7AB7-443D-BED0-2D7ABF73743F,35D58153-7AB7-443D-BED0-2D7ABF73743F-1431855847-1.1-m-04-hu.wav,Derived from UUID pattern
84,36f1b3ec-3d2a-470e-af6f-0a8cc11b2723-1430237012976-1.7-m-04-hu.wav,3,36F1B3EC-3D2A-470E-AF6F-0A8CC11B2723,36f1b3ec-3d2a-470e-af6f-0a8cc11b2723-1430237012976-1.7-m-04-hu.wav,Derived from UUID pattern
85,37105492-58b1-432e-a1ce-ea154425abab-1430744728397-1.7-f-26-hu.wav,3,37105492-58B1-432E-A1CE-EA154425ABAB,37105492-58b1-432e-a1ce-ea154425abab-1430744728397-1.7-f-26-hu.wav,Derived from UUID pattern
86,375308C6-F894-49A5-B246-8C2819E9C6ED-1430416651-1.0-m-04-hu.wav,3,375308C6-F894-49A5-B246-8C2819E9C6ED,375308C6-F894-49A5-B246-8C2819E9C6ED-1430416651-1.0-m-04-hu.wav,Derived from UUID pattern
87,376C006E-3664-4056-80D0-7661F631A062-1436930593-1.1-m-26-hu.wav,3,376C006E-3664-4056-80D0-7661F631A062,376C006E-3664-4056-80D0-7661F631A062-1436930593-1.1-m-26-hu.wav,Derived from UUID pattern
88,39180491-e076-4300-b5de-24e812dca6fe-1435708371348-1.7-f-04-hu.wav,3,39180491-E076-4300-B5DE-24E812DCA6FE,39180491-e076-4300-b5de-24e812dca6fe-1435708371348-1.7-f-04-hu.wav,Derived from UUID pattern
89,3941D08C-5A97-48A4-8830-091D878137F6-1430099813-1.0-m-72-hu.wav,3,3941D08C-5A97-48A4-8830-091D878137F6,3941D08C-5A97-48A4-8830-091D878137F6-1430099813-1.0-m-72-hu.wav,Derived from UUID pattern
90,3941D08C-5A97-48A4-8830-091D878137F6-1430099826-1.0-m-72-hu.wav,3,3941D08C-5A97-48A4-8830-091D878137F6,3941D08C-5A97-48A4-8830-091D878137F6-1430099826-1.0-m-72-hu.wav,Derived from UUID pattern
91,3bb2445a-9ae9-4dc8-9a2e-86c696ffa405-1430122005544-1.7-m-26-hu.wav,3,3BB2445A-9AE9-4DC8-9A2E-86C696FFA405,3bb2445a-9ae9-4dc8-9a2e-86c696ffa405-1430122005544-1.7-m-26-hu.wav,Derived from UUID pattern
92,3bb2445a-9ae9-4dc8-9a2e-86c696ffa405-1430122381138-1.7-m-26-hu.wav,3,3BB2445A-9AE9-4DC8-9A2E-86C696FFA405,3bb2445a-9ae9-4dc8-9a2e-86c696ffa405-1430122381138-1.7-m-26-hu.wav,Derived from UUID pattern
93,3bb2445a-9ae9-4dc8-9a2e-86c696ffa405-1430122479873-1.7-m-26-hu.wav,3,3BB2445A-9AE9-4DC8-9A2E-86C696FFA405,3bb2445a-9ae9-4dc8-9a2e-86c696ffa405-1430122479873-1.7-m-26-hu.wav,Derived from UUID pattern
94,3bb2445a-9ae9-4dc8-9a2e-86c696ffa405-1430123758633-1.7-m-26-hu.wav,3,3BB2445A-9AE9-4DC8-9A2E-86C696FFA405,3bb2445a-9ae9-4dc8-9a2e-86c696ffa405-1430123758633-1.7-m-26-hu.wav,Derived from UUID pattern
95,3bb2445a-9ae9-4dc8-9a2e-86c696ffa405-1430124221551-1.7-m-26-hu.wav,3,3BB2445A-9AE9-4DC8-9A2E-86C696FFA405,3bb2445a-9ae9-4dc8-9a2e-86c696ffa405-1430124221551-1.7-m-26-hu.wav,Derived from UUID pattern
96,3bb2445a-9ae9-4dc8-9a2e-86c696ffa405-1430142760958-1.7-m-26-hu.wav,3,3BB2445A-9AE9-4DC8-9A2E-86C696FFA405,3bb2445a-9ae9-4dc8-9a2e-86c696ffa405-1430142760958-1.7-m-26-hu.wav,Derived from UUID pattern
97,3bb2445a-9ae9-4dc8-9a2e-86c696ffa405-1430142784308-1.7-m-26-hu.wav,3,3BB2445A-9AE9-4DC8-9A2E-86C696FFA405,3bb2445a-9ae9-4dc8-9a2e-86c696ffa405-1430142784308-1.7-m-26-hu.wav,Derived from UUID pattern
98,3bb2445a-9ae9-4dc8-9a2e-86c696ffa405-1430146536552-1.7-m-26-hu.wav,3,3BB2445A-9AE9-4DC8-9A2E-86C696FFA405,3bb2445a-9ae9-4dc8-9a2e-86c696ffa405-1430146536552-1.7-m-26-hu.wav,Derived from UUID pattern
99,3BF71DAF-2A9E-4355-89D3-41AC37E94083-1437281306-1.1-f-26-hu.wav,3,3BF71DAF-2A9E-4355-89D3-41AC37E94083,3BF71DAF-2A9E-4355-89D3-41AC37E94083-1437281306-1.1-f-26-hu.wav,Derived from UUID pattern
100,3c0b4e07-33ec-4d68-a6b2-5f5dcb8cff8e-1430070829977-1.7-m-26-hu.wav,3,3C0B4E07-33EC-4D68-A6B2-5F5DCB8CFF8E,3c0b4e07-33ec-4d68-a6b2-5f5dcb8cff8e-1430070829977-1.7-m-26-hu.wav,Derived from UUID pattern
101,3c51dedc-6e4c-47dd-a179-86a25e95f1ef-1430651019625-1.7-m-04-hu.wav,3,3C51DEDC-6E4C-47DD-A179-86A25E95F1EF,3c51dedc-6e4c-47dd-a179-86a25e95f1ef-1430651019625-1.7-m-04-hu.wav,Derived from UUID pattern
102,3c51dedc-6e4c-47dd-a179-86a25e95f1ef-1430651049104-1.7-m-72-hu.wav,3,3C51DEDC-6E4C-47DD-A179-86A25E95F1EF,3c51dedc-6e4c-47dd-a179-86a25e95f1ef-1430651049104-1.7-m-72-hu.wav,Derived from UUID pattern
103,3d3e244d-20b1-4ec3-9732-92dcd14ff35a-1436961241219-1.7-m-72-hu.wav,3,3D3E244D-20B1-4EC3-9732-92DCD14FF35A,3d3e244d-20b1-4ec3-9732-92dcd14ff35a-1436961241219-1.7-m-72-hu.wav,Derived from UUID pattern
104,3DF341FA-E90B-4335-A51A-A9B0769150CE-1436859277-1.1-m-04-hu.wav,3,3DF341FA-E90B-4335-A51A-A9B0769150CE,3DF341FA-E90B-4335-A51A-A9B0769150CE-1436859277-1.1-m-04-hu.wav,Derived from UUID pattern
105,3DF341FA-E90B-4335-A51A-A9B0769150CE-1436859328-1.1-m-04-hu.wav,3,3DF341FA-E90B-4335-A51A-A9B0769150CE,3DF341FA-E90B-4335-A51A-A9B0769150CE-1436859328-1.1-m-04-hu.wav,Derived from UUID pattern
106,40a4c760-facf-4911-b0a6-22eccc3ab18d-1430466164038-1.7-f-26-hu.wav,3,40A4C760-FACF-4911-B0A6-22ECCC3AB18D,40a4c760-facf-4911-b0a6-22eccc3ab18d-1430466164038-1.7-f-26-hu.wav,Derived from UUID pattern
107,40a4c760-facf-4911-b0a6-22eccc3ab18d-1430466176951-1.7-f-26-hu.wav,3,40A4C760-FACF-4911-B0A6-22ECCC3AB18D,40a4c760-facf-4911-b0a6-22eccc3ab18d-1430466176951-1.7-f-26-hu.wav,Derived from UUID pattern
108,40a4c760-facf-4911-b0a6-22eccc3ab18d-1430466393384-1.7-f-26-hu.wav,3,40A4C760-FACF-4911-B0A6-22ECCC3AB18D,40a4c760-facf-4911-b0a6-22eccc3ab18d-1430466393384-1.7-f-26-hu.wav,Derived from UUID pattern
109,40a4c760-facf-4911-b0a6-22eccc3ab18d-1430477691332-1.7-f-26-hu.wav,3,40A4C760-FACF-4911-B0A6-22ECCC3AB18D,40a4c760-facf-4911-b0a6-22eccc3ab18d-1430477691332-1.7-f-26-hu.wav,Derived from UUID pattern
110,40a4c760-facf-4911-b0a6-22eccc3ab18d-1430477717469-1.7-f-26-hu.wav,3,40A4C760-FACF-4911-B0A6-22ECCC3AB18D,40a4c760-facf-4911-b0a6-22eccc3ab18d-1430477717469-1.7-f-26-hu.wav,Derived from UUID pattern
111,40a4c760-facf-4911-b0a6-22eccc3ab18d-1430477726097-1.7-f-26-hu.wav,3,40A4C760-FACF-4911-B0A6-22ECCC3AB18D,40a4c760-facf-4911-b0a6-22eccc3ab18d-1430477726097-1.7-f-26-hu.wav,Derived from UUID pattern
112,40a4c760-facf-4911-b0a6-22eccc3ab18d-1430477756469-1.7-f-26-hu.wav,3,40A4C760-FACF-4911-B0A6-22ECCC3AB18D,40a4c760-facf-4911-b0a6-22eccc3ab18d-1430477756469-1.7-f-26-hu.wav,Derived from UUID pattern
113,40a4c760-facf-4911-b0a6-22eccc3ab18d-1430477780076-1.7-f-26-hu.wav,3,40A4C760-FACF-4911-B0A6-22ECCC3AB18D,40a4c760-facf-4911-b0a6-22eccc3ab18d-1430477780076-1.7-f-26-hu.wav,Derived from UUID pattern
114,415d69b4-6d84-4bf8-97b0-10f8f108dc1d-1430739498797-1.7-m-04-hu.wav,3,415D69B4-6D84-4BF8-97B0-10F8F108DC1D,415d69b4-6d84-4bf8-97b0-10f8f108dc1d-1430739498797-1.7-m-04-hu.wav,Derived from UUID pattern
115,415d69b4-6d84-4bf8-97b0-10f8f108dc1d-1430739528719-1.7-m-04-hu.wav,3,415D69B4-6D84-4BF8-97B0-10F8F108DC1D,415d69b4-6d84-4bf8-97b0-10f8f108dc1d-1430739528719-1.7-m-04-hu.wav,Derived from UUID pattern
116,42ec6f14-6ba6-457f-8a80-101ee201195c-1431345009828-1.7-m-22-hu.wav,3,42EC6F14-6BA6-457F-8A80-101EE201195C,42ec6f14-6ba6-457f-8a80-101ee201195c-1431345009828-1.7-m-22-hu.wav,Derived from UUID pattern
117,459c3f85-5710-4efa-bcc9-8012aa1af55e-1430034880215-1.7-f-48-hu.wav,3,459C3F85-5710-4EFA-BCC9-8012AA1AF55E,459c3f85-5710-4efa-bcc9-8012aa1af55e-1430034880215-1.7-f-48-hu.wav,Derived from UUID pattern
118,459c3f85-5710-4efa-bcc9-8012aa1af55e-1430034895673-1.7-f-48-hu.wav,3,459C3F85-5710-4EFA-BCC9-8012AA1AF55E,459c3f85-5710-4efa-bcc9-8012aa1af55e-1430034895673-1.7-f-48-hu.wav,Derived from UUID pattern
119,46002244-7304-45DC-BF69-B6EC2BB25009-1436902364-1.1-f-48-hu.wav,3,46002244-7304-45DC-BF69-B6EC2BB25009,46002244-7304-45DC-BF69-B6EC2BB25009-1436902364-1.1-f-48-hu.wav,Derived from UUID pattern
120,4be720ce-a5e5-4a48-930f-a212f8a239f6-1434737668804-1.7-f-48-hu.wav,3,4BE720CE-A5E5-4A48-930F-A212F8A239F6,4be720ce-a5e5-4a48-930f-a212f8a239f6-1434737668804-1.7-f-48-hu.wav,Derived from UUID pattern
121,4be720ce-a5e5-4a48-930f-a212f8a239f6-1434737694572-1.7-f-48-hu.wav,3,4BE720CE-A5E5-4A48-930F-A212F8A239F6,4be720ce-a5e5-4a48-930f-a212f8a239f6-1434737694572-1.7-f-48-hu.wav,Derived from UUID pattern
122,4be720ce-a5e5-4a48-930f-a212f8a239f6-1434774932733-1.7-f-48-hu.wav,3,4BE720CE-A5E5-4A48-930F-A212F8A239F6,4be720ce-a5e5-4a48-930f-a212f8a239f6-1434774932733-1.7-f-48-hu.wav,Derived from UUID pattern
123,4be720ce-a5e5-4a48-930f-a212f8a239f6-1434774947458-1.7-f-48-hu.wav,3,4BE720CE-A5E5-4A48-930F-A212F8A239F6,4be720ce-a5e5-4a48-930f-a212f8a239f6-1434774947458-1.7-f-48-hu.wav,Derived from UUID pattern
124,4CD5903D-E2CE-401E-B898-D873C763F44B-1430727644-1.0-m-26-hu.wav,3,4CD5903D-E2CE-401E-B898-D873C763F44B,4CD5903D-E2CE-401E-B898-D873C763F44B-1430727644-1.0-m-26-hu.wav,Derived from UUID pattern
125,4CD5903D-E2CE-401E-B898-D873C763F44B-1430727653-1.0-m-26-hu.wav,3,4CD5903D-E2CE-401E-B898-D873C763F44B,4CD5903D-E2CE-401E-B898-D873C763F44B-1430727653-1.0-m-26-hu.wav,Derived from UUID pattern
126,4cefc13c-e7c0-4b5a-bddb-c40c103e640a-1431583459308-1.7-f-26-hu.wav,3,4CEFC13C-E7C0-4B5A-BDDB-C40C103E640A,4cefc13c-e7c0-4b5a-bddb-c40c103e640a-1431583459308-1.7-f-26-hu.wav,Derived from UUID pattern
127,4cefc13c-e7c0-4b5a-bddb-c40c103e640a-1431583470764-1.7-f-26-hu.wav,3,4CEFC13C-E7C0-4B5A-BDDB-C40C103E640A,4cefc13c-e7c0-4b5a-bddb-c40c103e640a-1431583470764-1.7-f-26-hu.wav,Derived from UUID pattern
128,4D43D6CD-C084-4081-ABF3-8B25951B2D75-1430146631-1.0-m-04-hu.wav,3,4D43D6CD-C084-4081-ABF3-8B25951B2D75,4D43D6CD-C084-4081-ABF3-8B25951B2D75-1430146631-1.0-m-04-hu.wav,Derived from UUID pattern
129,50DC5FBC-AC95-44F2-B55F-E4E5FB03AC96-1430007656-1.0-m-26-hu.wav,3,50DC5FBC-AC95-44F2-B55F-E4E5FB03AC96,50DC5FBC-AC95-44F2-B55F-E4E5FB03AC96-1430007656-1.0-m-26-hu.wav,Derived from UUID pattern
130,50DC5FBC-AC95-44F2-B55F-E4E5FB03AC96-1430007668-1.0-m-26-hu.wav,3,50DC5FBC-AC95-44F2-B55F-E4E5FB03AC96,50DC5FBC-AC95-44F2-B55F-E4E5FB03AC96-1430007668-1.0-m-26-hu.wav,Derived from UUID pattern
131,50DC5FBC-AC95-44F2-B55F-E4E5FB03AC96-1430007691-1.0-m-26-hu.wav,3,50DC5FBC-AC95-44F2-B55F-E4E5FB03AC96,50DC5FBC-AC95-44F2-B55F-E4E5FB03AC96-1430007691-1.0-m-26-hu.wav,Derived from UUID pattern
132,50DC5FBC-AC95-44F2-B55F-E4E5FB03AC96-1430108024-1.0-m-26-hu.wav,3,50DC5FBC-AC95-44F2-B55F-E4E5FB03AC96,50DC5FBC-AC95-44F2-B55F-E4E5FB03AC96-1430108024-1.0-m-26-hu.wav,Derived from UUID pattern
133,52dfc27a-fbc4-4d9f-bbcf-6406c919324a-1430041644396-1.7-m-26-hu.wav,3,52DFC27A-FBC4-4D9F-BBCF-6406C919324A,52dfc27a-fbc4-4d9f-bbcf-6406c919324a-1430041644396-1.7-m-26-hu.wav,Derived from UUID pattern
134,52dfc27a-fbc4-4d9f-bbcf-6406c919324a-1430041657947-1.7-m-26-hu.wav,3,52DFC27A-FBC4-4D9F-BBCF-6406C919324A,52dfc27a-fbc4-4d9f-bbcf-6406c919324a-1430041657947-1.7-m-26-hu.wav,Derived from UUID pattern
135,539FDD32-6326-422E-A707-FCF063D3426C-1437073534-1.1-f-26-hu.wav,3,539FDD32-6326-422E-A707-FCF063D3426C,539FDD32-6326-422E-A707-FCF063D3426C-1437073534-1.1-f-26-hu.wav,Derived from UUID pattern
136,539FDD32-6326-422E-A707-FCF063D3426C-1437073544-1.1-f-26-hu.wav,3,539FDD32-6326-422E-A707-FCF063D3426C,539FDD32-6326-422E-A707-FCF063D3426C-1437073544-1.1-f-26-hu.wav,Derived from UUID pattern
137,549a46d8-9c84-430e-ade8-97eae2bef787-1430130669340-1.7-m-48-hu.wav,3,549A46D8-9C84-430E-ADE8-97EAE2BEF787,549a46d8-9c84-430e-ade8-97eae2bef787-1430130669340-1.7-m-48-hu.wav,Derived from UUID pattern
138,549a46d8-9c84-430e-ade8-97eae2bef787-1430130686288-1.7-m-48-hu.wav,3,549A46D8-9C84-430E-ADE8-97EAE2BEF787,549a46d8-9c84-430e-ade8-97eae2bef787-1430130686288-1.7-m-48-hu.wav,Derived from UUID pattern
139,549a46d8-9c84-430e-ade8-97eae2bef787-1430130702316-1.7-m-48-hu.wav,3,549A46D8-9C84-430E-ADE8-97EAE2BEF787,549a46d8-9c84-430e-ade8-97eae2bef787-1430130702316-1.7-m-48-hu.wav,Derived from UUID pattern
140,549a46d8-9c84-430e-ade8-97eae2bef787-1430130714659-1.7-m-48-hu.wav,3,549A46D8-9C84-430E-ADE8-97EAE2BEF787,549a46d8-9c84-430e-ade8-97eae2bef787-1430130714659-1.7-m-48-hu.wav,Derived from UUID pattern
141,549a46d8-9c84-430e-ade8-97eae2bef787-1430130760929-1.7-m-48-hu.wav,3,549A46D8-9C84-430E-ADE8-97EAE2BEF787,549a46d8-9c84-430e-ade8-97eae2bef787-1430130760929-1.7-m-48-hu.wav,Derived from UUID pattern
142,549a46d8-9c84-430e-ade8-97eae2bef787-1430130772174-1.7-m-48-bp.wav,0,549A46D8-9C84-430E-ADE8-97EAE2BEF787,549a46d8-9c84-430e-ade8-97eae2bef787-1430130772174-1.7-m-48-bp.wav,Derived from UUID pattern
143,5728DDD6-149B-412F-A14B-C29B9B5E415F-1432635035-1.0-m-26-hu.wav,3,5728DDD6-149B-412F-A14B-C29B9B5E415F,5728DDD6-149B-412F-A14B-C29B9B5E415F-1432635035-1.0-m-26-hu.wav,Derived from UUID pattern
144,5728DDD6-149B-412F-A14B-C29B9B5E415F-1432635047-1.0-m-26-hu.wav,3,5728DDD6-149B-412F-A14B-C29B9B5E415F,5728DDD6-149B-412F-A14B-C29B9B5E415F-1432635047-1.0-m-26-hu.wav,Derived from UUID pattern
145,5728DDD6-149B-412F-A14B-C29B9B5E415F-1432635069-1.0-m-26-hu.wav,3,5728DDD6-149B-412F-A14B-C29B9B5E415F,5728DDD6-149B-412F-A14B-C29B9B5E415F-1432635069-1.0-m-26-hu.wav,Derived from UUID pattern
146,5afc6a14-a9d8-45f8-b31d-c79dd87cc8c6-1430757039803-1.7-m-48-bu.wav,1,5AFC6A14-A9D8-45F8-B31D-C79DD87CC8C6,5afc6a14-a9d8-45f8-b31d-c79dd87cc8c6-1430757039803-1.7-m-48-bu.wav,Derived from UUID pattern
147,5afc6a14-a9d8-45f8-b31d-c79dd87cc8c6-1430757081034-1.7-m-48-hu.wav,3,5AFC6A14-A9D8-45F8-B31D-C79DD87CC8C6,5afc6a14-a9d8-45f8-b31d-c79dd87cc8c6-1430757081034-1.7-m-48-hu.wav,Derived from UUID pattern
148,5B416CE8-2591-4531-9ADC-86D085B5D48B-1430144827-1.0-m-48-ti.wav,4,5B416CE8-2591-4531-9ADC-86D085B5D48B,5B416CE8-2591-4531-9ADC-86D085B5D48B-1430144827-1.0-m-48-ti.wav,Derived from UUID pattern
149,5b49f19f-a3a7-411e-bb32-755da3cbd6f0-1430029991480-1.7-m-48-hu.wav,3,5B49F19F-A3A7-411E-BB32-755DA3CBD6F0,5b49f19f-a3a7-411e-bb32-755da3cbd6f0-1430029991480-1.7-m-48-hu.wav,Derived from UUID pattern
150,5C2F730C-9721-40B7-A2D8-C257DB518978-1429966327-1.0-m-04-hu.wav,3,5C2F730C-9721-40B7-A2D8-C257DB518978,5C2F730C-9721-40B7-A2D8-C257DB518978-1429966327-1.0-m-04-hu.wav,Derived from UUID pattern
151,5C2F730C-9721-40B7-A2D8-C257DB518978-1429966336-1.0-m-04-hu.wav,3,5C2F730C-9721-40B7-A2D8-C257DB518978,5C2F730C-9721-40B7-A2D8-C257DB518978-1429966336-1.0-m-04-hu.wav,Derived from UUID pattern
152,5E01DC60-1DE3-4AF9-A661-7F649EAE457D-1430141106-1.0-m-26-hu.wav,3,5E01DC60-1DE3-4AF9-A661-7F649EAE457D,5E01DC60-1DE3-4AF9-A661-7F649EAE457D-1430141106-1.0-m-26-hu.wav,Derived from UUID pattern
153,5f0a1ed4-ee2c-493c-bc00-6b56aad78a72-1430933240505-1.7-m-72-hu.wav,3,5F0A1ED4-EE2C-493C-BC00-6B56AAD78A72,5f0a1ed4-ee2c-493c-bc00-6b56aad78a72-1430933240505-1.7-m-72-hu.wav,Derived from UUID pattern
154,5f651112-d2a3-4911-b3a5-f37bfc092494-1430734658837-1.7-m-72-hu.wav,3,5F651112-D2A3-4911-B3A5-F37BFC092494,5f651112-d2a3-4911-b3a5-f37bfc092494-1430734658837-1.7-m-72-hu.wav,Derived from UUID pattern
155,602b06a7-31f0-4370-b35a-9cc81d205958-1430739585531-1.7-m-04-hu.wav,3,602B06A7-31F0-4370-B35A-9CC81D205958,602b06a7-31f0-4370-b35a-9cc81d205958-1430739585531-1.7-m-04-hu.wav,Derived from UUID pattern
156,602b06a7-31f0-4370-b35a-9cc81d205958-1430739609286-1.7-f-72-hu.wav,3,602B06A7-31F0-4370-B35A-9CC81D205958,602b06a7-31f0-4370-b35a-9cc81d205958-1430739609286-1.7-f-72-hu.wav,Derived from UUID pattern
157,602b06a7-31f0-4370-b35a-9cc81d205958-1430907796431-1.7-f-72-hu.wav,3,602B06A7-31F0-4370-B35A-9CC81D205958,602b06a7-31f0-4370-b35a-9cc81d205958-1430907796431-1.7-f-72-hu.wav,Derived from UUID pattern
158,63CA92F7-973A-4DCA-A410-7B19811A2478-1430041884-1.0-f-26-hu.wav,3,63CA92F7-973A-4DCA-A410-7B19811A2478,63CA92F7-973A-4DCA-A410-7B19811A2478-1430041884-1.0-f-26-hu.wav,Derived from UUID pattern
159,63CA92F7-973A-4DCA-A410-7B19811A2478-1430041902-1.0-f-26-hu.wav,3,63CA92F7-973A-4DCA-A410-7B19811A2478,63CA92F7-973A-4DCA-A410-7B19811A2478-1430041902-1.0-f-26-hu.wav,Derived from UUID pattern
160,643D64AD-B711-469A-AF69-55C0D5D3E30F-1430138495-1.0-m-72-bp.wav,0,643D64AD-B711-469A-AF69-55C0D5D3E30F,643D64AD-B711-469A-AF69-55C0D5D3E30F-1430138495-1.0-m-72-bp.wav,Derived from UUID pattern
161,643D64AD-B711-469A-AF69-55C0D5D3E30F-1430138506-1.0-m-72-bp.wav,0,643D64AD-B711-469A-AF69-55C0D5D3E30F,643D64AD-B711-469A-AF69-55C0D5D3E30F-1430138506-1.0-m-72-bp.wav,Derived from UUID pattern
162,643D64AD-B711-469A-AF69-55C0D5D3E30F-1430138514-1.0-m-72-bp.wav,0,643D64AD-B711-469A-AF69-55C0D5D3E30F,643D64AD-B711-469A-AF69-55C0D5D3E30F-1430138514-1.0-m-72-bp.wav,Derived from UUID pattern
163,643D64AD-B711-469A-AF69-55C0D5D3E30F-1430138524-1.0-m-72-bp.wav,0,643D64AD-B711-469A-AF69-55C0D5D3E30F,643D64AD-B711-469A-AF69-55C0D5D3E30F-1430138524-1.0-m-72-bp.wav,Derived from UUID pattern
164,643D64AD-B711-469A-AF69-55C0D5D3E30F-1430138536-1.0-m-72-bp.wav,0,643D64AD-B711-469A-AF69-55C0D5D3E30F,643D64AD-B711-469A-AF69-55C0D5D3E30F-1430138536-1.0-m-72-bp.wav,Derived from UUID pattern
165,643D64AD-B711-469A-AF69-55C0D5D3E30F-1430138545-1.0-m-72-bp.wav,0,643D64AD-B711-469A-AF69-55C0D5D3E30F,643D64AD-B711-469A-AF69-55C0D5D3E30F-1430138545-1.0-m-72-bp.wav,Derived from UUID pattern
166,643D64AD-B711-469A-AF69-55C0D5D3E30F-1430138591-1.0-m-72-bp.wav,0,643D64AD-B711-469A-AF69-55C0D5D3E30F,643D64AD-B711-469A-AF69-55C0D5D3E30F-1430138591-1.0-m-72-bp.wav,Derived from UUID pattern
167,643D64AD-B711-469A-AF69-55C0D5D3E30F-1430138647-1.0-m-72-bp.wav,0,643D64AD-B711-469A-AF69-55C0D5D3E30F,643D64AD-B711-469A-AF69-55C0D5D3E30F-1430138647-1.0-m-72-bp.wav,Derived from UUID pattern
168,64acb345-a61e-4ef3-a5a6-cf83c04b83f1-1430045478300-1.7-m-72-hu.wav,3,64ACB345-A61E-4EF3-A5A6-CF83C04B83F1,64acb345-a61e-4ef3-a5a6-cf83c04b83f1-1430045478300-1.7-m-72-hu.wav,Derived from UUID pattern
169,64acb345-a61e-4ef3-a5a6-cf83c04b83f1-1430058973897-1.7-m-72-hu.wav,3,64ACB345-A61E-4EF3-A5A6-CF83C04B83F1,64acb345-a61e-4ef3-a5a6-cf83c04b83f1-1430058973897-1.7-m-72-hu.wav,Derived from UUID pattern
170,64acb345-a61e-4ef3-a5a6-cf83c04b83f1-1430058990597-1.7-m-72-dc.wav,2,64ACB345-A61E-4EF3-A5A6-CF83C04B83F1,64acb345-a61e-4ef3-a5a6-cf83c04b83f1-1430058990597-1.7-m-72-dc.wav,Derived from UUID pattern
171,64acb345-a61e-4ef3-a5a6-cf83c04b83f1-1430059012473-1.7-m-72-dc.wav,2,64ACB345-A61E-4EF3-A5A6-CF83C04B83F1,64acb345-a61e-4ef3-a5a6-cf83c04b83f1-1430059012473-1.7-m-72-dc.wav,Derived from UUID pattern
172,653bf718-94bd-40d0-af7c-8fe44e07640c-1430759214066-1.7-m-04-hu.wav,3,653BF718-94BD-40D0-AF7C-8FE44E07640C,653bf718-94bd-40d0-af7c-8fe44e07640c-1430759214066-1.7-m-04-hu.wav,Derived from UUID pattern
173,653bf718-94bd-40d0-af7c-8fe44e07640c-1430759231913-1.7-m-04-hu.wav,3,653BF718-94BD-40D0-AF7C-8FE44E07640C,653bf718-94bd-40d0-af7c-8fe44e07640c-1430759231913-1.7-m-04-hu.wav,Derived from UUID pattern
174,6639C63C-F634-489C-91B3-E3DB5930EFD5-1431370257-1.1-m-04-hu.wav,3,6639C63C-F634-489C-91B3-E3DB5930EFD5,6639C63C-F634-489C-91B3-E3DB5930EFD5-1431370257-1.1-m-04-hu.wav,Derived from UUID pattern
175,6639C63C-F634-489C-91B3-E3DB5930EFD5-1431370278-1.1-m-04-hu.wav,3,6639C63C-F634-489C-91B3-E3DB5930EFD5,6639C63C-F634-489C-91B3-E3DB5930EFD5-1431370278-1.1-m-04-hu.wav,Derived from UUID pattern
176,665BDF6D-2897-49F9-8AD0-978B3B2A0468-1430530218-1.0-m-26-dc.wav,2,665BDF6D-2897-49F9-8AD0-978B3B2A0468,665BDF6D-2897-49F9-8AD0-978B3B2A0468-1430530218-1.0-m-26-dc.wav,Derived from UUID pattern
177,67414C5E-0EB2-48FD-8391-FCF085FDB6D9-1430050964-1.0-m-04-hu.wav,3,67414C5E-0EB2-48FD-8391-FCF085FDB6D9,67414C5E-0EB2-48FD-8391-FCF085FDB6D9-1430050964-1.0-m-04-hu.wav,Derived from UUID pattern
178,69374818-7b73-48ac-8200-e6a225e293fb-1430746080630-1.7-m-04-hu.wav,3,69374818-7B73-48AC-8200-E6A225E293FB,69374818-7b73-48ac-8200-e6a225e293fb-1430746080630-1.7-m-04-hu.wav,Derived from UUID pattern
179,69374818-7b73-48ac-8200-e6a225e293fb-1430746091424-1.7-m-04-hu.wav,3,69374818-7B73-48AC-8200-E6A225E293FB,69374818-7b73-48ac-8200-e6a225e293fb-1430746091424-1.7-m-04-hu.wav,Derived from UUID pattern
180,69BDA5D6-0276-4462-9BF7-951799563728-1436936185-1.1-m-26-bp.wav,0,69BDA5D6-0276-4462-9BF7-951799563728,69BDA5D6-0276-4462-9BF7-951799563728-1436936185-1.1-m-26-bp.wav,Derived from UUID pattern
181,6bd76f21-f279-4c46-9453-58c95e7b2475-1430767927715-1.7-m-72-hu.wav,3,6BD76F21-F279-4C46-9453-58C95E7B2475,6bd76f21-f279-4c46-9453-58c95e7b2475-1430767927715-1.7-m-72-hu.wav,Derived from UUID pattern
182,6d922623-8424-4625-be4c-4964e0c9e25c-1434898452774-1.7-m-04-hu.wav,3,6D922623-8424-4625-BE4C-4964E0C9E25C,6d922623-8424-4625-be4c-4964e0c9e25c-1434898452774-1.7-m-04-hu.wav,Derived from UUID pattern
183,7060a4f6-4c0c-494b-912c-ae60158b185a-1436931995150-1.7-f-04-hu.wav,3,7060A4F6-4C0C-494B-912C-AE60158B185A,7060a4f6-4c0c-494b-912c-ae60158b185a-1436931995150-1.7-f-04-hu.wav,Derived from UUID pattern
184,70d30513-0ec3-49e4-9976-e85785e85c2d-1431033372810-1.7-m-04-hu.wav,3,70D30513-0EC3-49E4-9976-E85785E85C2D,70d30513-0ec3-49e4-9976-e85785e85c2d-1431033372810-1.7-m-04-hu.wav,Derived from UUID pattern
185,70d30513-0ec3-49e4-9976-e85785e85c2d-1431033390358-1.7-m-04-hu.wav,3,70D30513-0EC3-49E4-9976-E85785E85C2D,70d30513-0ec3-49e4-9976-e85785e85c2d-1431033390358-1.7-m-04-hu.wav,Derived from UUID pattern
186,70d30513-0ec3-49e4-9976-e85785e85c2d-1431033405793-1.7-m-04-hu.wav,3,70D30513-0EC3-49E4-9976-E85785E85C2D,70d30513-0ec3-49e4-9976-e85785e85c2d-1431033405793-1.7-m-04-hu.wav,Derived from UUID pattern
187,719bb382-a592-46b7-82d2-8b4a625263b7-1430376267895-1.7-m-48-hu.wav,3,719BB382-A592-46B7-82D2-8B4A625263B7,719bb382-a592-46b7-82d2-8b4a625263b7-1430376267895-1.7-m-48-hu.wav,Derived from UUID pattern
188,719bb382-a592-46b7-82d2-8b4a625263b7-1430376483385-1.7-m-48-hu.wav,3,719BB382-A592-46B7-82D2-8B4A625263B7,719bb382-a592-46b7-82d2-8b4a625263b7-1430376483385-1.7-m-48-hu.wav,Derived from UUID pattern
189,719bb382-a592-46b7-82d2-8b4a625263b7-1430376501744-1.7-m-48-hu.wav,3,719BB382-A592-46B7-82D2-8B4A625263B7,719bb382-a592-46b7-82d2-8b4a625263b7-1430376501744-1.7-m-48-hu.wav,Derived from UUID pattern
190,719bb382-a592-46b7-82d2-8b4a625263b7-1430376562788-1.7-m-48-hu.wav,3,719BB382-A592-46B7-82D2-8B4A625263B7,719bb382-a592-46b7-82d2-8b4a625263b7-1430376562788-1.7-m-48-hu.wav,Derived from UUID pattern
191,743E7CCA-D32B-40B6-9541-9808122D3F6B-1436860011-1.1-f-26-hu.wav,3,743E7CCA-D32B-40B6-9541-9808122D3F6B,743E7CCA-D32B-40B6-9541-9808122D3F6B-1436860011-1.1-f-26-hu.wav,Derived from UUID pattern
192,743E7CCA-D32B-40B6-9541-9808122D3F6B-1436860028-1.1-f-26-hu.wav,3,743E7CCA-D32B-40B6-9541-9808122D3F6B,743E7CCA-D32B-40B6-9541-9808122D3F6B-1436860028-1.1-f-26-hu.wav,Derived from UUID pattern
193,743E7CCA-D32B-40B6-9541-9808122D3F6B-1436860053-1.1-f-26-hu.wav,3,743E7CCA-D32B-40B6-9541-9808122D3F6B,743E7CCA-D32B-40B6-9541-9808122D3F6B-1436860053-1.1-f-26-hu.wav,Derived from UUID pattern
194,743E7CCA-D32B-40B6-9541-9808122D3F6B-1436860161-1.1-f-26-hu.wav,3,743E7CCA-D32B-40B6-9541-9808122D3F6B,743E7CCA-D32B-40B6-9541-9808122D3F6B-1436860161-1.1-f-26-hu.wav,Derived from UUID pattern
195,7616E8F4-B1A7-45A6-9A0C-C9BB2DE64FC3-1436868751-1.1-m-72-hu.wav,3,7616E8F4-B1A7-45A6-9A0C-C9BB2DE64FC3,7616E8F4-B1A7-45A6-9A0C-C9BB2DE64FC3-1436868751-1.1-m-72-hu.wav,Derived from UUID pattern
196,771fa0cc-4535-471b-9cec-d26deff8d567-1429803644891-1.7-m-04-hu.wav,3,771FA0CC-4535-471B-9CEC-D26DEFF8D567,771fa0cc-4535-471b-9cec-d26deff8d567-1429803644891-1.7-m-04-hu.wav,Derived from UUID pattern
197,789d2553-cbf2-4911-91e4-fb228d231238-1430818517787-1.7-m-26-hu.wav,3,789D2553-CBF2-4911-91E4-FB228D231238,789d2553-cbf2-4911-91e4-fb228d231238-1430818517787-1.7-m-26-hu.wav,Derived from UUID pattern
198,79FF400A-97E2-4701-987D-C7C850D5523C-1430089487-1.0-f-48-ti.wav,4,79FF400A-97E2-4701-987D-C7C850D5523C,79FF400A-97E2-4701-987D-C7C850D5523C-1430089487-1.0-f-48-ti.wav,Derived from UUID pattern
199,79FF400A-97E2-4701-987D-C7C850D5523C-1430089621-1.0-f-48-dc.wav,2,79FF400A-97E2-4701-987D-C7C850D5523C,79FF400A-97E2-4701-987D-C7C850D5523C-1430089621-1.0-f-48-dc.wav,Derived from UUID pattern
200,79FF400A-97E2-4701-987D-C7C850D5523C-1430089648-1.0-f-48-bu.wav,1,79FF400A-97E2-4701-987D-C7C850D5523C,79FF400A-97E2-4701-987D-C7C850D5523C-1430089648-1.0-f-48-bu.wav,Derived from UUID pattern
201,79FF400A-97E2-4701-987D-C7C850D5523C-1430089688-1.0-f-48-dc.wav,2,79FF400A-97E2-4701-987D-C7C850D5523C,79FF400A-97E2-4701-987D-C7C850D5523C-1430089688-1.0-f-48-dc.wav,Derived from UUID pattern
202,7A22229D-06C2-4AAA-9674-DE5DF1906B3A-1436891933-1.1-m-72-hu.wav,3,7A22229D-06C2-4AAA-9674-DE5DF1906B3A,7A22229D-06C2-4AAA-9674-DE5DF1906B3A-1436891933-1.1-m-72-hu.wav,Derived from UUID pattern
203,7A22229D-06C2-4AAA-9674-DE5DF1906B3A-1436891944-1.1-m-72-ti.wav,4,7A22229D-06C2-4AAA-9674-DE5DF1906B3A,7A22229D-06C2-4AAA-9674-DE5DF1906B3A-1436891944-1.1-m-72-ti.wav,Derived from UUID pattern
204,7A22229D-06C2-4AAA-9674-DE5DF1906B3A-1436891957-1.1-m-72-ti.wav,4,7A22229D-06C2-4AAA-9674-DE5DF1906B3A,7A22229D-06C2-4AAA-9674-DE5DF1906B3A-1436891957-1.1-m-72-ti.wav,Derived from UUID pattern
205,7A864194-4B6B-4850-ABBF-0C2A8170107B-1436846797-1.1-f-26-hu.wav,3,7A864194-4B6B-4850-ABBF-0C2A8170107B,7A864194-4B6B-4850-ABBF-0C2A8170107B-1436846797-1.1-f-26-hu.wav,Derived from UUID pattern
206,7A864194-4B6B-4850-ABBF-0C2A8170107B-1436846824-1.1-f-26-hu.wav,3,7A864194-4B6B-4850-ABBF-0C2A8170107B,7A864194-4B6B-4850-ABBF-0C2A8170107B-1436846824-1.1-f-26-hu.wav,Derived from UUID pattern
207,7A864194-4B6B-4850-ABBF-0C2A8170107B-1436846870-1.1-f-26-hu.wav,3,7A864194-4B6B-4850-ABBF-0C2A8170107B,7A864194-4B6B-4850-ABBF-0C2A8170107B-1436846870-1.1-f-26-hu.wav,Derived from UUID pattern
208,7A864194-4B6B-4850-ABBF-0C2A8170107B-1436846915-1.1-f-26-bu.wav,1,7A864194-4B6B-4850-ABBF-0C2A8170107B,7A864194-4B6B-4850-ABBF-0C2A8170107B-1436846915-1.1-f-26-bu.wav,Derived from UUID pattern
209,7b0e160e-0505-459e-8ecb-304d7afae9d2-1437486941311-1.7-m-04-hu.wav,3,7B0E160E-0505-459E-8ECB-304D7AFAE9D2,7b0e160e-0505-459e-8ecb-304d7afae9d2-1437486941311-1.7-m-04-hu.wav,Derived from UUID pattern
210,7b0e160e-0505-459e-8ecb-304d7afae9d2-1437486974312-1.7-m-04-dc.wav,2,7B0E160E-0505-459E-8ECB-304D7AFAE9D2,7b0e160e-0505-459e-8ecb-304d7afae9d2-1437486974312-1.7-m-04-dc.wav,Derived from UUID pattern
211,7b23d26e-6f97-4e8b-b520-a9fdde21ee91-1432261716253-1.7-m-48-hu.wav,3,7B23D26E-6F97-4E8B-B520-A9FDDE21EE91,7b23d26e-6f97-4e8b-b520-a9fdde21ee91-1432261716253-1.7-m-48-hu.wav,Derived from UUID pattern
212,7b23d26e-6f97-4e8b-b520-a9fdde21ee91-1432275312750-1.7-m-48-hu.wav,3,7B23D26E-6F97-4E8B-B520-A9FDDE21EE91,7b23d26e-6f97-4e8b-b520-a9fdde21ee91-1432275312750-1.7-m-48-hu.wav,Derived from UUID pattern
213,7B924575-21FC-462A-969E-BABB46D1CBF5-1430055167-1.0-f-72-hu.wav,3,7B924575-21FC-462A-969E-BABB46D1CBF5,7B924575-21FC-462A-969E-BABB46D1CBF5-1430055167-1.0-f-72-hu.wav,Derived from UUID pattern
214,7B924575-21FC-462A-969E-BABB46D1CBF5-1430055220-1.0-f-72-hu.wav,3,7B924575-21FC-462A-969E-BABB46D1CBF5,7B924575-21FC-462A-969E-BABB46D1CBF5-1430055220-1.0-f-72-hu.wav,Derived from UUID pattern
215,7B924575-21FC-462A-969E-BABB46D1CBF5-1430055234-1.0-f-72-hu.wav,3,7B924575-21FC-462A-969E-BABB46D1CBF5,7B924575-21FC-462A-969E-BABB46D1CBF5-1430055234-1.0-f-72-hu.wav,Derived from UUID pattern
216,7B924575-21FC-462A-969E-BABB46D1CBF5-1430055243-1.0-f-72-hu.wav,3,7B924575-21FC-462A-969E-BABB46D1CBF5,7B924575-21FC-462A-969E-BABB46D1CBF5-1430055243-1.0-f-72-hu.wav,Derived from UUID pattern
217,7CF37029-1040-40B8-ACC9-7E6E5C03AF9B-1429808939-1.0-m-72-hu.wav,3,7CF37029-1040-40B8-ACC9-7E6E5C03AF9B,7CF37029-1040-40B8-ACC9-7E6E5C03AF9B-1429808939-1.0-m-72-hu.wav,Derived from UUID pattern
218,7d1c2cd2-6fa1-499f-8ca8-a298198be4e7-1436850081753-1.7-m-04-hu.wav,3,7D1C2CD2-6FA1-499F-8CA8-A298198BE4E7,7d1c2cd2-6fa1-499f-8ca8-a298198be4e7-1436850081753-1.7-m-04-hu.wav,Derived from UUID pattern
219,7e3de9b8-2be5-473f-b8c3-c2657f1317bb-1430006339251-1.7-f-04-hu.wav,3,7E3DE9B8-2BE5-473F-B8C3-C2657F1317BB,7e3de9b8-2be5-473f-b8c3-c2657f1317bb-1430006339251-1.7-f-04-hu.wav,Derived from UUID pattern
220,7E4B9C14-F955-4BED-9B03-7F3096A6CBFF-1430232157-1.0-f-26-hu.wav,3,7E4B9C14-F955-4BED-9B03-7F3096A6CBFF,7E4B9C14-F955-4BED-9B03-7F3096A6CBFF-1430232157-1.0-f-26-hu.wav,Derived from UUID pattern
221,7E4B9C14-F955-4BED-9B03-7F3096A6CBFF-1430232166-1.0-f-26-hu.wav,3,7E4B9C14-F955-4BED-9B03-7F3096A6CBFF,7E4B9C14-F955-4BED-9B03-7F3096A6CBFF-1430232166-1.0-f-26-hu.wav,Derived from UUID pattern
222,7E4B9C14-F955-4BED-9B03-7F3096A6CBFF-1430232180-1.0-f-26-hu.wav,3,7E4B9C14-F955-4BED-9B03-7F3096A6CBFF,7E4B9C14-F955-4BED-9B03-7F3096A6CBFF-1430232180-1.0-f-26-hu.wav,Derived from UUID pattern
223,7E4B9C14-F955-4BED-9B03-7F3096A6CBFF-1430232195-1.0-f-26-hu.wav,3,7E4B9C14-F955-4BED-9B03-7F3096A6CBFF,7E4B9C14-F955-4BED-9B03-7F3096A6CBFF-1430232195-1.0-f-26-hu.wav,Derived from UUID pattern
224,7E4B9C14-F955-4BED-9B03-7F3096A6CBFF-1430232208-1.0-f-26-bu.wav,1,7E4B9C14-F955-4BED-9B03-7F3096A6CBFF,7E4B9C14-F955-4BED-9B03-7F3096A6CBFF-1430232208-1.0-f-26-bu.wav,Derived from UUID pattern
225,7E4B9C14-F955-4BED-9B03-7F3096A6CBFF-1430540826-1.0-f-26-bu.wav,1,7E4B9C14-F955-4BED-9B03-7F3096A6CBFF,7E4B9C14-F955-4BED-9B03-7F3096A6CBFF-1430540826-1.0-f-26-bu.wav,Derived from UUID pattern
226,7fd72d70-07c4-40a0-85e9-c91df9bdefb2-1430994916704-1.7-f-04-hu.wav,3,7FD72D70-07C4-40A0-85E9-C91DF9BDEFB2,7fd72d70-07c4-40a0-85e9-c91df9bdefb2-1430994916704-1.7-f-04-hu.wav,Derived from UUID pattern
227,80130d3a-ceb9-4460-8464-e956bac5c40d-1436850034856-1.7-m-72-hu.wav,3,80130D3A-CEB9-4460-8464-E956BAC5C40D,80130d3a-ceb9-4460-8464-e956bac5c40d-1436850034856-1.7-m-72-hu.wav,Derived from UUID pattern
228,8057932d-a6af-4d63-903b-37049686e176-1430919675907-1.7-f-72-hu.wav,3,8057932D-A6AF-4D63-903B-37049686E176,8057932d-a6af-4d63-903b-37049686e176-1430919675907-1.7-f-72-hu.wav,Derived from UUID pattern
229,80f5ab0a-16c1-4738-9209-fbdae52ff769-1430140636917-1.7-f-04-hu.wav,3,80F5AB0A-16C1-4738-9209-FBDAE52FF769,80f5ab0a-16c1-4738-9209-fbdae52ff769-1430140636917-1.7-f-04-hu.wav,Derived from UUID pattern
230,815af07e-4c31-4032-8bd1-dab6e60c879e-1433156413683-1.7-m-04-hu.wav,3,815AF07E-4C31-4032-8BD1-DAB6E60C879E,815af07e-4c31-4032-8bd1-dab6e60c879e-1433156413683-1.7-m-04-hu.wav,Derived from UUID pattern
231,815af07e-4c31-4032-8bd1-dab6e60c879e-1433156423585-1.7-m-04-hu.wav,3,815AF07E-4C31-4032-8BD1-DAB6E60C879E,815af07e-4c31-4032-8bd1-dab6e60c879e-1433156423585-1.7-m-04-hu.wav,Derived from UUID pattern
232,81724071-bc5e-4e38-8f35-85a691af5721-1430737552979-1.7-m-04-hu.wav,3,81724071-BC5E-4E38-8F35-85A691AF5721,81724071-bc5e-4e38-8f35-85a691af5721-1430737552979-1.7-m-04-hu.wav,Derived from UUID pattern
233,818A32F4-D5D8-426C-B88C-81A8154AC81A-1430093571-1.0-m-26-hu.wav,3,818A32F4-D5D8-426C-B88C-81A8154AC81A,818A32F4-D5D8-426C-B88C-81A8154AC81A-1430093571-1.0-m-26-hu.wav,Derived from UUID pattern
234,837fd072-8704-4196-9ff1-1d2c07886e55-1432429478471-1.7-m-22-dc.wav,2,837FD072-8704-4196-9FF1-1D2C07886E55,837fd072-8704-4196-9ff1-1d2c07886e55-1432429478471-1.7-m-22-dc.wav,Derived from UUID pattern
235,85FAB169-4DCC-406D-AC93-2F6A8D797DAB-1437632141-1.1-m-04-hu.wav,3,85FAB169-4DCC-406D-AC93-2F6A8D797DAB,85FAB169-4DCC-406D-AC93-2F6A8D797DAB-1437632141-1.1-m-04-hu.wav,Derived from UUID pattern
236,86c2b87a-ae7c-46a3-b6fb-7ebe748812cf-1430036547966-1.7-m-04-hu.wav,3,86C2B87A-AE7C-46A3-B6FB-7EBE748812CF,86c2b87a-ae7c-46a3-b6fb-7ebe748812cf-1430036547966-1.7-m-04-hu.wav,Derived from UUID pattern
237,86c2b87a-ae7c-46a3-b6fb-7ebe748812cf-1430036562389-1.7-m-04-hu.wav,3,86C2B87A-AE7C-46A3-B6FB-7EBE748812CF,86c2b87a-ae7c-46a3-b6fb-7ebe748812cf-1430036562389-1.7-m-04-hu.wav,Derived from UUID pattern
238,86c2b87a-ae7c-46a3-b6fb-7ebe748812cf-1430036593222-1.7-f-26-hu.wav,3,86C2B87A-AE7C-46A3-B6FB-7EBE748812CF,86c2b87a-ae7c-46a3-b6fb-7ebe748812cf-1430036593222-1.7-f-26-hu.wav,Derived from UUID pattern
239,88da3fbd-926b-4ee7-ae8f-85f92f2783b0-1430114329442-1.7-m-04-hu.wav,3,88DA3FBD-926B-4EE7-AE8F-85F92F2783B0,88da3fbd-926b-4ee7-ae8f-85f92f2783b0-1430114329442-1.7-m-04-hu.wav,Derived from UUID pattern
240,89964233-cbdb-4f34-a819-5f4b5ce3f5f5-1430049852345-1.7-f-04-hu.wav,3,89964233-CBDB-4F34-A819-5F4B5CE3F5F5,89964233-cbdb-4f34-a819-5f4b5ce3f5f5-1430049852345-1.7-f-04-hu.wav,Derived from UUID pattern
241,89964233-cbdb-4f34-a819-5f4b5ce3f5f5-1430049868816-1.7-f-04-hu.wav,3,89964233-CBDB-4F34-A819-5F4B5CE3F5F5,89964233-cbdb-4f34-a819-5f4b5ce3f5f5-1430049868816-1.7-f-04-hu.wav,Derived from UUID pattern
242,8b1faa77-e3ac-48af-bf2a-58aadebefcba-1436798541805-1.7-m-04-hu.wav,3,8B1FAA77-E3AC-48AF-BF2A-58AADEBEFCBA,8b1faa77-e3ac-48af-bf2a-58aadebefcba-1436798541805-1.7-m-04-hu.wav,Derived from UUID pattern
243,8C13A1F9-62CC-46AA-9192-BECE5CDD5CB0-1430249362-1.0-f-72-hu.wav,3,8C13A1F9-62CC-46AA-9192-BECE5CDD5CB0,8C13A1F9-62CC-46AA-9192-BECE5CDD5CB0-1430249362-1.0-f-72-hu.wav,Derived from UUID pattern
244,8c2a1f03-07f4-4aee-a73f-bc57beb2b600-1430761324670-1.7-f-26-hu.wav,3,8C2A1F03-07F4-4AEE-A73F-BC57BEB2B600,8c2a1f03-07f4-4aee-a73f-bc57beb2b600-1430761324670-1.7-f-26-hu.wav,Derived from UUID pattern
245,8c66887c-8251-49fa-903b-c02d56405f58-1436856065644-1.7-m-26-hu.wav,3,8C66887C-8251-49FA-903B-C02D56405F58,8c66887c-8251-49fa-903b-c02d56405f58-1436856065644-1.7-m-26-hu.wav,Derived from UUID pattern
246,8c66887c-8251-49fa-903b-c02d56405f58-1436856137837-1.7-m-26-hu.wav,3,8C66887C-8251-49FA-903B-C02D56405F58,8c66887c-8251-49fa-903b-c02d56405f58-1436856137837-1.7-m-26-hu.wav,Derived from UUID pattern
247,8c920fd0-fa9f-4926-bcac-074767dcbfcd-1436850948195-1.7-m-04-hu.wav,3,8C920FD0-FA9F-4926-BCAC-074767DCBFCD,8c920fd0-fa9f-4926-bcac-074767dcbfcd-1436850948195-1.7-m-04-hu.wav,Derived from UUID pattern
248,8c920fd0-fa9f-4926-bcac-074767dcbfcd-1436856363348-1.7-f-04-hu.wav,3,8C920FD0-FA9F-4926-BCAC-074767DCBFCD,8c920fd0-fa9f-4926-bcac-074767dcbfcd-1436856363348-1.7-f-04-hu.wav,Derived from UUID pattern
249,8c920fd0-fa9f-4926-bcac-074767dcbfcd-1436856382717-1.7-m-04-hu.wav,3,8C920FD0-FA9F-4926-BCAC-074767DCBFCD,8c920fd0-fa9f-4926-bcac-074767dcbfcd-1436856382717-1.7-m-04-hu.wav,Derived from UUID pattern
250,8f4dbf5a-b504-4452-b6ac-94e646a6a052-1430727792958-1.7-f-72-hu.wav,3,8F4DBF5A-B504-4452-B6AC-94E646A6A052,8f4dbf5a-b504-4452-b6ac-94e646a6a052-1430727792958-1.7-f-72-hu.wav,Derived from UUID pattern
251,8f4dbf5a-b504-4452-b6ac-94e646a6a052-1430727806162-1.7-f-72-hu.wav,3,8F4DBF5A-B504-4452-B6AC-94E646A6A052,8f4dbf5a-b504-4452-b6ac-94e646a6a052-1430727806162-1.7-f-72-hu.wav,Derived from UUID pattern
252,8f4dbf5a-b504-4452-b6ac-94e646a6a052-1430729451597-1.7-f-72-hu.wav,3,8F4DBF5A-B504-4452-B6AC-94E646A6A052,8f4dbf5a-b504-4452-b6ac-94e646a6a052-1430729451597-1.7-f-72-hu.wav,Derived from UUID pattern
253,8f4dbf5a-b504-4452-b6ac-94e646a6a052-1430734962301-1.7-f-72-hu.wav,3,8F4DBF5A-B504-4452-B6AC-94E646A6A052,8f4dbf5a-b504-4452-b6ac-94e646a6a052-1430734962301-1.7-f-72-hu.wav,Derived from UUID pattern
254,8f4dbf5a-b504-4452-b6ac-94e646a6a052-1430735028906-1.7-f-72-hu.wav,3,8F4DBF5A-B504-4452-B6AC-94E646A6A052,8f4dbf5a-b504-4452-b6ac-94e646a6a052-1430735028906-1.7-f-72-hu.wav,Derived from UUID pattern
255,8f4dbf5a-b504-4452-b6ac-94e646a6a052-1430735040980-1.7-f-72-hu.wav,3,8F4DBF5A-B504-4452-B6AC-94E646A6A052,8f4dbf5a-b504-4452-b6ac-94e646a6a052-1430735040980-1.7-f-72-hu.wav,Derived from UUID pattern
256,8f4dbf5a-b504-4452-b6ac-94e646a6a052-1430735057816-1.7-f-72-hu.wav,3,8F4DBF5A-B504-4452-B6AC-94E646A6A052,8f4dbf5a-b504-4452-b6ac-94e646a6a052-1430735057816-1.7-f-72-hu.wav,Derived from UUID pattern
257,8f4dbf5a-b504-4452-b6ac-94e646a6a052-1430735157938-1.7-f-72-hu.wav,3,8F4DBF5A-B504-4452-B6AC-94E646A6A052,8f4dbf5a-b504-4452-b6ac-94e646a6a052-1430735157938-1.7-f-72-hu.wav,Derived from UUID pattern
258,8f5c01dc-6826-4076-a831-027ad61afdaf-1435873509176-1.7-f-26-hu.wav,3,8F5C01DC-6826-4076-A831-027AD61AFDAF,8f5c01dc-6826-4076-a831-027ad61afdaf-1435873509176-1.7-f-26-hu.wav,Derived from UUID pattern
259,8FDA58A7-FDC6-4421-855F-738E6E853E43-1429895742-1.0-m-26-hu.wav,3,8FDA58A7-FDC6-4421-855F-738E6E853E43,8FDA58A7-FDC6-4421-855F-738E6E853E43-1429895742-1.0-m-26-hu.wav,Derived from UUID pattern
260,8FDA58A7-FDC6-4421-855F-738E6E853E43-1429895751-1.0-m-26-hu.wav,3,8FDA58A7-FDC6-4421-855F-738E6E853E43,8FDA58A7-FDC6-4421-855F-738E6E853E43-1429895751-1.0-m-26-hu.wav,Derived from UUID pattern
261,8FDA58A7-FDC6-4421-855F-738E6E853E43-1429895780-1.0-m-26-hu.wav,3,8FDA58A7-FDC6-4421-855F-738E6E853E43,8FDA58A7-FDC6-4421-855F-738E6E853E43-1429895780-1.0-m-26-hu.wav,Derived from UUID pattern
262,9090c7a3-bebc-4485-aafc-64e4298da3ac-1430088396663-1.7-f-26-hu.wav,3,9090C7A3-BEBC-4485-AAFC-64E4298DA3AC,9090c7a3-bebc-4485-aafc-64e4298da3ac-1430088396663-1.7-f-26-hu.wav,Derived from UUID pattern
263,9090c7a3-bebc-4485-aafc-64e4298da3ac-1430109146143-1.7-f-26-hu.wav,3,9090C7A3-BEBC-4485-AAFC-64E4298DA3AC,9090c7a3-bebc-4485-aafc-64e4298da3ac-1430109146143-1.7-f-26-hu.wav,Derived from UUID pattern
264,92d08bbe-553f-4844-85b1-15d572f06ea2-1436873183951-1.7-m-04-hu.wav,3,92D08BBE-553F-4844-85B1-15D572F06EA2,92d08bbe-553f-4844-85b1-15d572f06ea2-1436873183951-1.7-m-04-hu.wav,Derived from UUID pattern
265,92d08bbe-553f-4844-85b1-15d572f06ea2-1436873211119-1.7-m-04-hu.wav,3,92D08BBE-553F-4844-85B1-15D572F06EA2,92d08bbe-553f-4844-85b1-15d572f06ea2-1436873211119-1.7-m-04-hu.wav,Derived from UUID pattern
266,9641D2D5-7D9F-41B2-8345-229AE9555FEC-1430022546-1.0-m-72-hu.wav,3,9641D2D5-7D9F-41B2-8345-229AE9555FEC,9641D2D5-7D9F-41B2-8345-229AE9555FEC-1430022546-1.0-m-72-hu.wav,Derived from UUID pattern
267,96986c8b-9988-4c37-a0f8-e7c4269cc3ac-1431719845836-1.7-m-26-hu.wav,3,96986C8B-9988-4C37-A0F8-E7C4269CC3AC,96986c8b-9988-4c37-a0f8-e7c4269cc3ac-1431719845836-1.7-m-26-hu.wav,Derived from UUID pattern
268,990DE219-FCD1-4634-91CE-19AB93E5D2B0-1430214575-1.0-m-04-hu.wav,3,990DE219-FCD1-4634-91CE-19AB93E5D2B0,990DE219-FCD1-4634-91CE-19AB93E5D2B0-1430214575-1.0-m-04-hu.wav,Derived from UUID pattern
269,999bf14b-e417-4b44-b746-9253f81efe38-1430844940177-1.7-m-04-hu.wav,3,999BF14B-E417-4B44-B746-9253F81EFE38,999bf14b-e417-4b44-b746-9253f81efe38-1430844940177-1.7-m-04-hu.wav,Derived from UUID pattern
270,999bf14b-e417-4b44-b746-9253f81efe38-1430844958178-1.7-m-04-ch.wav,2,999BF14B-E417-4B44-B746-9253F81EFE38,999bf14b-e417-4b44-b746-9253f81efe38-1430844958178-1.7-m-04-ch.wav,Derived from UUID pattern
271,999bf14b-e417-4b44-b746-9253f81efe38-1430844979531-1.7-m-04-ch.wav,2,999BF14B-E417-4B44-B746-9253F81EFE38,999bf14b-e417-4b44-b746-9253f81efe38-1430844979531-1.7-m-04-ch.wav,Derived from UUID pattern
272,999bf14b-e417-4b44-b746-9253f81efe38-1430844994519-1.7-m-04-ch.wav,2,999BF14B-E417-4B44-B746-9253F81EFE38,999bf14b-e417-4b44-b746-9253f81efe38-1430844994519-1.7-m-04-ch.wav,Derived from UUID pattern
273,999bf14b-e417-4b44-b746-9253f81efe38-1430845018393-1.7-m-26-ch.wav,2,999BF14B-E417-4B44-B746-9253F81EFE38,999bf14b-e417-4b44-b746-9253f81efe38-1430845018393-1.7-m-26-ch.wav,Derived from UUID pattern
274,999bf14b-e417-4b44-b746-9253f81efe38-1430845035663-1.7-m-26-ch.wav,2,999BF14B-E417-4B44-B746-9253F81EFE38,999bf14b-e417-4b44-b746-9253f81efe38-1430845035663-1.7-m-26-ch.wav,Derived from UUID pattern
275,999bf14b-e417-4b44-b746-9253f81efe38-1430972705879-1.7-m-26-hu.wav,3,999BF14B-E417-4B44-B746-9253F81EFE38,999bf14b-e417-4b44-b746-9253f81efe38-1430972705879-1.7-m-26-hu.wav,Derived from UUID pattern
276,999bf14b-e417-4b44-b746-9253f81efe38-1430974001343-1.7-m-26-bp.wav,0,999BF14B-E417-4B44-B746-9253F81EFE38,999bf14b-e417-4b44-b746-9253f81efe38-1430974001343-1.7-m-26-bp.wav,Derived from UUID pattern
277,999bf14b-e417-4b44-b746-9253f81efe38-1431013054417-1.7-m-26-hu.wav,3,999BF14B-E417-4B44-B746-9253F81EFE38,999bf14b-e417-4b44-b746-9253f81efe38-1431013054417-1.7-m-26-hu.wav,Derived from UUID pattern
278,999bf14b-e417-4b44-b746-9253f81efe38-1431013068243-1.7-m-26-hu.wav,3,999BF14B-E417-4B44-B746-9253F81EFE38,999bf14b-e417-4b44-b746-9253f81efe38-1431013068243-1.7-m-26-hu.wav,Derived from UUID pattern
279,9aa8bac5-eeb9-4f19-a4bf-7c439e87364b-1430745312460-1.7-m-04-hu.wav,3,9AA8BAC5-EEB9-4F19-A4BF-7C439E87364B,9aa8bac5-eeb9-4f19-a4bf-7c439e87364b-1430745312460-1.7-m-04-hu.wav,Derived from UUID pattern
280,9aa8bac5-eeb9-4f19-a4bf-7c439e87364b-1430745385374-1.7-m-04-hu.wav,3,9AA8BAC5-EEB9-4F19-A4BF-7C439E87364B,9aa8bac5-eeb9-4f19-a4bf-7c439e87364b-1430745385374-1.7-m-04-hu.wav,Derived from UUID pattern
281,9CFD61B9-BF13-406D-8B2F-F73CFAAF25CB-1430927693-1.0-f-04-hu.wav,3,9CFD61B9-BF13-406D-8B2F-F73CFAAF25CB,9CFD61B9-BF13-406D-8B2F-F73CFAAF25CB-1430927693-1.0-f-04-hu.wav,Derived from UUID pattern
282,9CFD61B9-BF13-406D-8B2F-F73CFAAF25CB-1430927704-1.0-f-04-hu.wav,3,9CFD61B9-BF13-406D-8B2F-F73CFAAF25CB,9CFD61B9-BF13-406D-8B2F-F73CFAAF25CB-1430927704-1.0-f-04-hu.wav,Derived from UUID pattern
283,9CFD61B9-BF13-406D-8B2F-F73CFAAF25CB-1430927716-1.0-f-04-hu.wav,3,9CFD61B9-BF13-406D-8B2F-F73CFAAF25CB,9CFD61B9-BF13-406D-8B2F-F73CFAAF25CB-1430927716-1.0-f-04-hu.wav,Derived from UUID pattern
284,9CFD61B9-BF13-406D-8B2F-F73CFAAF25CB-1430927728-1.0-f-04-hu.wav,3,9CFD61B9-BF13-406D-8B2F-F73CFAAF25CB,9CFD61B9-BF13-406D-8B2F-F73CFAAF25CB-1430927728-1.0-f-04-hu.wav,Derived from UUID pattern
285,9CFD61B9-BF13-406D-8B2F-F73CFAAF25CB-1430927741-1.0-f-04-hu.wav,3,9CFD61B9-BF13-406D-8B2F-F73CFAAF25CB,9CFD61B9-BF13-406D-8B2F-F73CFAAF25CB-1430927741-1.0-f-04-hu.wav,Derived from UUID pattern
286,9fe37482-6a64-401d-b8b9-3e47d6ed9ac0-1430047362195-1.7-f-26-hu.wav,3,9FE37482-6A64-401D-B8B9-3E47D6ED9AC0,9fe37482-6a64-401d-b8b9-3e47d6ed9ac0-1430047362195-1.7-f-26-hu.wav,Derived from UUID pattern
287,9fe37482-6a64-401d-b8b9-3e47d6ed9ac0-1430047373513-1.7-f-26-hu.wav,3,9FE37482-6A64-401D-B8B9-3E47D6ED9AC0,9fe37482-6a64-401d-b8b9-3e47d6ed9ac0-1430047373513-1.7-f-26-hu.wav,Derived from UUID pattern
288,9fe37482-6a64-401d-b8b9-3e47d6ed9ac0-1430047399844-1.7-f-26-hu.wav,3,9FE37482-6A64-401D-B8B9-3E47D6ED9AC0,9fe37482-6a64-401d-b8b9-3e47d6ed9ac0-1430047399844-1.7-f-26-hu.wav,Derived from UUID pattern
289,9fe37482-6a64-401d-b8b9-3e47d6ed9ac0-1430047590938-1.7-f-26-hu.wav,3,9FE37482-6A64-401D-B8B9-3E47D6ED9AC0,9fe37482-6a64-401d-b8b9-3e47d6ed9ac0-1430047590938-1.7-f-26-hu.wav,Derived from UUID pattern
290,A123AD65-38D3-4A65-AB37-330034765840-1430093687-1.0-m-04-hu.wav,3,A123AD65-38D3-4A65-AB37-330034765840,A123AD65-38D3-4A65-AB37-330034765840-1430093687-1.0-m-04-hu.wav,Derived from UUID pattern
291,A123AD65-38D3-4A65-AB37-330034765840-1430093699-1.0-m-04-hu.wav,3,A123AD65-38D3-4A65-AB37-330034765840,A123AD65-38D3-4A65-AB37-330034765840-1430093699-1.0-m-04-hu.wav,Derived from UUID pattern
292,A123AD65-38D3-4A65-AB37-330034765840-1430093710-1.0-m-04-hu.wav,3,A123AD65-38D3-4A65-AB37-330034765840,A123AD65-38D3-4A65-AB37-330034765840-1430093710-1.0-m-04-hu.wav,Derived from UUID pattern
293,A123AD65-38D3-4A65-AB37-330034765840-1430093726-1.0-m-04-hu.wav,3,A123AD65-38D3-4A65-AB37-330034765840,A123AD65-38D3-4A65-AB37-330034765840-1430093726-1.0-m-04-hu.wav,Derived from UUID pattern
294,a40b9b8d-e4bc-457a-badf-f38bdbc0c358-1430016745385-1.7-m-04-hu.wav,3,A40B9B8D-E4BC-457A-BADF-F38BDBC0C358,a40b9b8d-e4bc-457a-badf-f38bdbc0c358-1430016745385-1.7-m-04-hu.wav,Derived from UUID pattern
295,a40b9b8d-e4bc-457a-badf-f38bdbc0c358-1430016779981-1.7-m-26-hu.wav,3,A40B9B8D-E4BC-457A-BADF-F38BDBC0C358,a40b9b8d-e4bc-457a-badf-f38bdbc0c358-1430016779981-1.7-m-26-hu.wav,Derived from UUID pattern
296,a40b9b8d-e4bc-457a-badf-f38bdbc0c358-1430016981469-1.7-m-26-dc.wav,2,A40B9B8D-E4BC-457A-BADF-F38BDBC0C358,a40b9b8d-e4bc-457a-badf-f38bdbc0c358-1430016981469-1.7-m-26-dc.wav,Derived from UUID pattern
297,a40b9b8d-e4bc-457a-badf-f38bdbc0c358-1430017191818-1.7-m-26-hu.wav,3,A40B9B8D-E4BC-457A-BADF-F38BDBC0C358,a40b9b8d-e4bc-457a-badf-f38bdbc0c358-1430017191818-1.7-m-26-hu.wav,Derived from UUID pattern
298,a56e2494-d2b2-480e-af0b-de9ea8f33572-1436897427825-1.7-f-26-hu.wav,3,A56E2494-D2B2-480E-AF0B-DE9EA8F33572,a56e2494-d2b2-480e-af0b-de9ea8f33572-1436897427825-1.7-f-26-hu.wav,Derived from UUID pattern
299,a7b13b65-da2c-48ec-8aed-46adcaba705f-1430823489236-1.7-f-26-hu.wav,3,A7B13B65-DA2C-48EC-8AED-46ADCABA705F,a7b13b65-da2c-48ec-8aed-46adcaba705f-1430823489236-1.7-f-26-hu.wav,Derived from UUID pattern
300,AA2CA7F6-4547-4CC0-AA4C-5D7B64727FB5-1437123487-1.1-f-26-hu.wav,3,AA2CA7F6-4547-4CC0-AA4C-5D7B64727FB5,AA2CA7F6-4547-4CC0-AA4C-5D7B64727FB5-1437123487-1.1-f-26-hu.wav,Derived from UUID pattern
301,aaa57dbd-7b88-454a-963e-6faa2f4ed4e7-1436910225455-1.7-f-04-hu.wav,3,AAA57DBD-7B88-454A-963E-6FAA2F4ED4E7,aaa57dbd-7b88-454a-963e-6faa2f4ed4e7-1436910225455-1.7-f-04-hu.wav,Derived from UUID pattern
302,aaa57dbd-7b88-454a-963e-6faa2f4ed4e7-1436910235521-1.7-f-04-hu.wav,3,AAA57DBD-7B88-454A-963E-6FAA2F4ED4E7,aaa57dbd-7b88-454a-963e-6faa2f4ed4e7-1436910235521-1.7-f-04-hu.wav,Derived from UUID pattern
303,aaa57dbd-7b88-454a-963e-6faa2f4ed4e7-1436982066128-1.7-f-04-hu.wav,3,AAA57DBD-7B88-454A-963E-6FAA2F4ED4E7,aaa57dbd-7b88-454a-963e-6faa2f4ed4e7-1436982066128-1.7-f-04-hu.wav,Derived from UUID pattern
304,aaa57dbd-7b88-454a-963e-6faa2f4ed4e7-1436982075169-1.7-f-04-hu.wav,3,AAA57DBD-7B88-454A-963E-6FAA2F4ED4E7,aaa57dbd-7b88-454a-963e-6faa2f4ed4e7-1436982075169-1.7-f-04-hu.wav,Derived from UUID pattern
305,aaa57dbd-7b88-454a-963e-6faa2f4ed4e7-1436982098411-1.7-f-04-hu.wav,3,AAA57DBD-7B88-454A-963E-6FAA2F4ED4E7,aaa57dbd-7b88-454a-963e-6faa2f4ed4e7-1436982098411-1.7-f-04-hu.wav,Derived from UUID pattern
306,aaa57dbd-7b88-454a-963e-6faa2f4ed4e7-1436988612387-1.7-f-04-hu.wav,3,AAA57DBD-7B88-454A-963E-6FAA2F4ED4E7,aaa57dbd-7b88-454a-963e-6faa2f4ed4e7-1436988612387-1.7-f-04-hu.wav,Derived from UUID pattern
307,aaa57dbd-7b88-454a-963e-6faa2f4ed4e7-1437166513710-1.7-f-04-hu.wav,3,AAA57DBD-7B88-454A-963E-6FAA2F4ED4E7,aaa57dbd-7b88-454a-963e-6faa2f4ed4e7-1437166513710-1.7-f-04-hu.wav,Derived from UUID pattern
308,ad7fd28b-3e85-4e9b-9e18-af4bda64c60f-1430756389867-1.7-m-72-hu.wav,3,AD7FD28B-3E85-4E9B-9E18-AF4BDA64C60F,ad7fd28b-3e85-4e9b-9e18-af4bda64c60f-1430756389867-1.7-m-72-hu.wav,Derived from UUID pattern
309,adb53808-8b13-4c08-b055-6653c75298be-1430133962749-1.7-m-72-hu.wav,3,ADB53808-8B13-4C08-B055-6653C75298BE,adb53808-8b13-4c08-b055-6653c75298be-1430133962749-1.7-m-72-hu.wav,Derived from UUID pattern
310,adb53808-8b13-4c08-b055-6653c75298be-1430133982281-1.7-m-72-hu.wav,3,ADB53808-8B13-4C08-B055-6653C75298BE,adb53808-8b13-4c08-b055-6653c75298be-1430133982281-1.7-m-72-hu.wav,Derived from UUID pattern
311,adcefe56-90b1-4120-83b1-93008cb6f7f0-1430731683554-1.7-m-04-hu.wav,3,ADCEFE56-90B1-4120-83B1-93008CB6F7F0,adcefe56-90b1-4120-83b1-93008cb6f7f0-1430731683554-1.7-m-04-hu.wav,Derived from UUID pattern
312,AE02C934-F4E5-4C73-818D-56AA6887EC18-1430279441-1.0-m-26-hu.wav,3,AE02C934-F4E5-4C73-818D-56AA6887EC18,AE02C934-F4E5-4C73-818D-56AA6887EC18-1430279441-1.0-m-26-hu.wav,Derived from UUID pattern
313,AE02C934-F4E5-4C73-818D-56AA6887EC18-1430279454-1.0-m-26-hu.wav,3,AE02C934-F4E5-4C73-818D-56AA6887EC18,AE02C934-F4E5-4C73-818D-56AA6887EC18-1430279454-1.0-m-26-hu.wav,Derived from UUID pattern
314,ae5a462b-5424-4b5b-82d5-07ccb61654ab-1430405436291-1.7-f-04-hu.wav,3,AE5A462B-5424-4B5B-82D5-07CCB61654AB,ae5a462b-5424-4b5b-82d5-07ccb61654ab-1430405436291-1.7-f-04-hu.wav,Derived from UUID pattern
315,ae5a462b-5424-4b5b-82d5-07ccb61654ab-1431064345173-1.7-f-48-dc.wav,2,AE5A462B-5424-4B5B-82D5-07CCB61654AB,ae5a462b-5424-4b5b-82d5-07ccb61654ab-1431064345173-1.7-f-48-dc.wav,Derived from UUID pattern
316,ae5a462b-5424-4b5b-82d5-07ccb61654ab-1431155960186-1.7-f-48-hu.wav,3,AE5A462B-5424-4B5B-82D5-07CCB61654AB,ae5a462b-5424-4b5b-82d5-07ccb61654ab-1431155960186-1.7-f-48-hu.wav,Derived from UUID pattern
317,ae5f103b-5fee-442f-bb1b-d9d0570c46ab-1431533809819-1.7-m-26-hu.wav,3,AE5F103B-5FEE-442F-BB1B-D9D0570C46AB,ae5f103b-5fee-442f-bb1b-d9d0570c46ab-1431533809819-1.7-m-26-hu.wav,Derived from UUID pattern
318,ae5f103b-5fee-442f-bb1b-d9d0570c46ab-1431533857965-1.7-m-26-bp.wav,0,AE5F103B-5FEE-442F-BB1B-D9D0570C46AB,ae5f103b-5fee-442f-bb1b-d9d0570c46ab-1431533857965-1.7-m-26-bp.wav,Derived from UUID pattern
319,AEA8AE04-D00E-48A7-8A0B-6D87E2175121-1430563241-1.0-f-72-bu.wav,1,AEA8AE04-D00E-48A7-8A0B-6D87E2175121,AEA8AE04-D00E-48A7-8A0B-6D87E2175121-1430563241-1.0-f-72-bu.wav,Derived from UUID pattern
320,af30880e-5f98-4dc0-b37a-be6b21fa0ba3-1431240037389-1.7-m-26-hu.wav,3,AF30880E-5F98-4DC0-B37A-BE6B21FA0BA3,af30880e-5f98-4dc0-b37a-be6b21fa0ba3-1431240037389-1.7-m-26-hu.wav,Derived from UUID pattern
321,af30880e-5f98-4dc0-b37a-be6b21fa0ba3-1431240072536-1.7-m-26-bu.wav,1,AF30880E-5F98-4DC0-B37A-BE6B21FA0BA3,af30880e-5f98-4dc0-b37a-be6b21fa0ba3-1431240072536-1.7-m-26-bu.wav,Derived from UUID pattern
322,afa44e7f-4187-4f1c-9437-b49ba75f542e-1430629785235-1.7-f-04-hu.wav,3,AFA44E7F-4187-4F1C-9437-B49BA75F542E,afa44e7f-4187-4f1c-9437-b49ba75f542e-1430629785235-1.7-f-04-hu.wav,Derived from UUID pattern
323,B0D9116D-8FA4-41AF-B626-BE508FD5CA04-1430832542-1.0-m-04-hu.wav,3,B0D9116D-8FA4-41AF-B626-BE508FD5CA04,B0D9116D-8FA4-41AF-B626-BE508FD5CA04-1430832542-1.0-m-04-hu.wav,Derived from UUID pattern
324,B2A105BB-347B-4878-A735-AA4ECF32CD16-1436864116-1.1-m-26-hu.wav,3,B2A105BB-347B-4878-A735-AA4ECF32CD16,B2A105BB-347B-4878-A735-AA4ECF32CD16-1436864116-1.1-m-26-hu.wav,Derived from UUID pattern
325,B2AABCE0-1F62-4B57-B58A-308959ABDFE7-1437188751-1.1-m-26-ti.wav,4,B2AABCE0-1F62-4B57-B58A-308959ABDFE7,B2AABCE0-1F62-4B57-B58A-308959ABDFE7-1437188751-1.1-m-26-ti.wav,Derived from UUID pattern
326,B2AABCE0-1F62-4B57-B58A-308959ABDFE7-1437188766-1.1-m-26-ti.wav,4,B2AABCE0-1F62-4B57-B58A-308959ABDFE7,B2AABCE0-1F62-4B57-B58A-308959ABDFE7-1437188766-1.1-m-26-ti.wav,Derived from UUID pattern
327,B327333E-2DE2-4833-A75A-4C576208BED3-1430087429-1.0-f-48-hu.wav,3,B327333E-2DE2-4833-A75A-4C576208BED3,B327333E-2DE2-4833-A75A-4C576208BED3-1430087429-1.0-f-48-hu.wav,Derived from UUID pattern
328,B327333E-2DE2-4833-A75A-4C576208BED3-1430087443-1.0-f-48-hu.wav,3,B327333E-2DE2-4833-A75A-4C576208BED3,B327333E-2DE2-4833-A75A-4C576208BED3-1430087443-1.0-f-48-hu.wav,Derived from UUID pattern
329,B327333E-2DE2-4833-A75A-4C576208BED3-1430087456-1.0-f-48-hu.wav,3,B327333E-2DE2-4833-A75A-4C576208BED3,B327333E-2DE2-4833-A75A-4C576208BED3-1430087456-1.0-f-48-hu.wav,Derived from UUID pattern
330,B400D2D0-9FCE-472E-A152-1FF349B9B407-1436845915-1.1-m-04-hu.wav,3,B400D2D0-9FCE-472E-A152-1FF349B9B407,B400D2D0-9FCE-472E-A152-1FF349B9B407-1436845915-1.1-m-04-hu.wav,Derived from UUID pattern
331,B456CE9D-CBD4-43E5-899B-8B8B0483F17D-1431015486-1.0-m-72-hu.wav,3,B456CE9D-CBD4-43E5-899B-8B8B0483F17D,B456CE9D-CBD4-43E5-899B-8B8B0483F17D-1431015486-1.0-m-72-hu.wav,Derived from UUID pattern
332,b4c460d8-bd6b-4017-9bb8-2ae4ff0c5af1-1430418266487-1.7-f-26-ti.wav,4,B4C460D8-BD6B-4017-9BB8-2AE4FF0C5AF1,b4c460d8-bd6b-4017-9bb8-2ae4ff0c5af1-1430418266487-1.7-f-26-ti.wav,Derived from UUID pattern
333,b4c460d8-bd6b-4017-9bb8-2ae4ff0c5af1-1432751065608-1.7-f-26-hu.wav,3,B4C460D8-BD6B-4017-9BB8-2AE4FF0C5AF1,b4c460d8-bd6b-4017-9bb8-2ae4ff0c5af1-1432751065608-1.7-f-26-hu.wav,Derived from UUID pattern
334,b5044f9a-6f2e-44fc-8e04-9076a988acf2-1435544527174-1.7-m-04-hu.wav,3,B5044F9A-6F2E-44FC-8E04-9076A988ACF2,b5044f9a-6f2e-44fc-8e04-9076a988acf2-1435544527174-1.7-m-04-hu.wav,Derived from UUID pattern
335,b8fe4527-5e46-437f-897d-be32112bc1c8-1430166086647-1.7-f-48-hu.wav,3,B8FE4527-5E46-437F-897D-BE32112BC1C8,b8fe4527-5e46-437f-897d-be32112bc1c8-1430166086647-1.7-f-48-hu.wav,Derived from UUID pattern
336,b9d0daab-43c8-41f1-86af-3bcdea9af63c-1429979961789-1.7-f-22-hu.wav,3,B9D0DAAB-43C8-41F1-86AF-3BCDEA9AF63C,b9d0daab-43c8-41f1-86af-3bcdea9af63c-1429979961789-1.7-f-22-hu.wav,Derived from UUID pattern
337,bb2bdafb-0477-4be4-8c41-1a6192e8c6d4-1430637640279-1.7-m-72-hu.wav,3,BB2BDAFB-0477-4BE4-8C41-1A6192E8C6D4,bb2bdafb-0477-4be4-8c41-1a6192e8c6d4-1430637640279-1.7-m-72-hu.wav,Derived from UUID pattern
338,bb2bdafb-0477-4be4-8c41-1a6192e8c6d4-1430637663087-1.7-m-72-hu.wav,3,BB2BDAFB-0477-4BE4-8C41-1A6192E8C6D4,bb2bdafb-0477-4be4-8c41-1a6192e8c6d4-1430637663087-1.7-m-72-hu.wav,Derived from UUID pattern
339,bb2bdafb-0477-4be4-8c41-1a6192e8c6d4-1430637736064-1.7-m-72-hu.wav,3,BB2BDAFB-0477-4BE4-8C41-1A6192E8C6D4,bb2bdafb-0477-4be4-8c41-1a6192e8c6d4-1430637736064-1.7-m-72-hu.wav,Derived from UUID pattern
340,be21ef2a-a415-4e8b-bfe6-731bf9956e2c-1431320909516-1.7-f-26-hu.wav,3,BE21EF2A-A415-4E8B-BFE6-731BF9956E2C,be21ef2a-a415-4e8b-bfe6-731bf9956e2c-1431320909516-1.7-f-26-hu.wav,Derived from UUID pattern
341,bfbc4d23-39b2-4b33-b686-2f048f062b60-1430077722675-1.7-f-72-hu.wav,3,BFBC4D23-39B2-4B33-B686-2F048F062B60,bfbc4d23-39b2-4b33-b686-2f048f062b60-1430077722675-1.7-f-72-hu.wav,Derived from UUID pattern
342,c10e2b0f-0cb8-4485-b82f-d453edf97db7-1430738986076-1.7-f-26-hu.wav,3,C10E2B0F-0CB8-4485-B82F-D453EDF97DB7,c10e2b0f-0cb8-4485-b82f-d453edf97db7-1430738986076-1.7-f-26-hu.wav,Derived from UUID pattern
343,c10e2b0f-0cb8-4485-b82f-d453edf97db7-1430739158854-1.7-f-26-hu.wav,3,C10E2B0F-0CB8-4485-B82F-D453EDF97DB7,c10e2b0f-0cb8-4485-b82f-d453edf97db7-1430739158854-1.7-f-26-hu.wav,Derived from UUID pattern
344,c10e2b0f-0cb8-4485-b82f-d453edf97db7-1430739179429-1.7-f-26-hu.wav,3,C10E2B0F-0CB8-4485-B82F-D453EDF97DB7,c10e2b0f-0cb8-4485-b82f-d453edf97db7-1430739179429-1.7-f-26-hu.wav,Derived from UUID pattern
345,C249BCDD-0F65-4D6A-82BE-43C4006E3DDB-1436891733-1.1-m-72-hu.wav,3,C249BCDD-0F65-4D6A-82BE-43C4006E3DDB,C249BCDD-0F65-4D6A-82BE-43C4006E3DDB-1436891733-1.1-m-72-hu.wav,Derived from UUID pattern
346,C249BCDD-0F65-4D6A-82BE-43C4006E3DDB-1436891742-1.1-m-72-hu.wav,3,C249BCDD-0F65-4D6A-82BE-43C4006E3DDB,C249BCDD-0F65-4D6A-82BE-43C4006E3DDB-1436891742-1.1-m-72-hu.wav,Derived from UUID pattern
347,C421C6FE-DFEE-4080-8AEA-848E7CE4756B-1430548250-1.0-f-48-hu.wav,3,C421C6FE-DFEE-4080-8AEA-848E7CE4756B,C421C6FE-DFEE-4080-8AEA-848E7CE4756B-1430548250-1.0-f-48-hu.wav,Derived from UUID pattern
348,C421C6FE-DFEE-4080-8AEA-848E7CE4756B-1430548277-1.0-f-26-hu.wav,3,C421C6FE-DFEE-4080-8AEA-848E7CE4756B,C421C6FE-DFEE-4080-8AEA-848E7CE4756B-1430548277-1.0-f-26-hu.wav,Derived from UUID pattern
349,C421C6FE-DFEE-4080-8AEA-848E7CE4756B-1430548333-1.0-f-26-bp.wav,0,C421C6FE-DFEE-4080-8AEA-848E7CE4756B,C421C6FE-DFEE-4080-8AEA-848E7CE4756B-1430548333-1.0-f-26-bp.wav,Derived from UUID pattern
350,C421C6FE-DFEE-4080-8AEA-848E7CE4756B-1430548384-1.0-m-26-ti.wav,4,C421C6FE-DFEE-4080-8AEA-848E7CE4756B,C421C6FE-DFEE-4080-8AEA-848E7CE4756B-1430548384-1.0-m-26-ti.wav,Derived from UUID pattern
351,C421C6FE-DFEE-4080-8AEA-848E7CE4756B-1430548393-1.0-f-26-ti.wav,4,C421C6FE-DFEE-4080-8AEA-848E7CE4756B,C421C6FE-DFEE-4080-8AEA-848E7CE4756B-1430548393-1.0-f-26-ti.wav,Derived from UUID pattern
352,c42e76b9-a4c1-48f6-a91d-27ab83015874-1430737177322-1.7-f-72-hu.wav,3,C42E76B9-A4C1-48F6-A91D-27AB83015874,c42e76b9-a4c1-48f6-a91d-27ab83015874-1430737177322-1.7-f-72-hu.wav,Derived from UUID pattern
353,C5127741-5897-468C-A543-7F1B72569F0E-1428333964-1.0-m-26-ti.wav,4,C5127741-5897-468C-A543-7F1B72569F0E,C5127741-5897-468C-A543-7F1B72569F0E-1428333964-1.0-m-26-ti.wav,Derived from UUID pattern
354,c6fd9d60-0fa7-44c0-b3ce-0192527d7b81-1429978271017-1.7-m-04-hu.wav,3,C6FD9D60-0FA7-44C0-B3CE-0192527D7B81,c6fd9d60-0fa7-44c0-b3ce-0192527d7b81-1429978271017-1.7-m-04-hu.wav,Derived from UUID pattern
355,c6fd9d60-0fa7-44c0-b3ce-0192527d7b81-1430038968282-1.7-m-04-hu.wav,3,C6FD9D60-0FA7-44C0-B3CE-0192527D7B81,c6fd9d60-0fa7-44c0-b3ce-0192527d7b81-1430038968282-1.7-m-04-hu.wav,Derived from UUID pattern
356,c6fd9d60-0fa7-44c0-b3ce-0192527d7b81-1430066825817-1.7-m-72-hu.wav,3,C6FD9D60-0FA7-44C0-B3CE-0192527D7B81,c6fd9d60-0fa7-44c0-b3ce-0192527d7b81-1430066825817-1.7-m-72-hu.wav,Derived from UUID pattern
357,c6fd9d60-0fa7-44c0-b3ce-0192527d7b81-1430068155237-1.7-m-72-hu.wav,3,C6FD9D60-0FA7-44C0-B3CE-0192527D7B81,c6fd9d60-0fa7-44c0-b3ce-0192527d7b81-1430068155237-1.7-m-72-hu.wav,Derived from UUID pattern
358,c6fd9d60-0fa7-44c0-b3ce-0192527d7b81-1430068167526-1.7-m-72-hu.wav,3,C6FD9D60-0FA7-44C0-B3CE-0192527D7B81,c6fd9d60-0fa7-44c0-b3ce-0192527d7b81-1430068167526-1.7-m-72-hu.wav,Derived from UUID pattern
359,c7fef089-4a65-4b75-bfd4-bae0e3518adf-1430754388848-1.7-m-04-hu.wav,3,C7FEF089-4A65-4B75-BFD4-BAE0E3518ADF,c7fef089-4a65-4b75-bfd4-bae0e3518adf-1430754388848-1.7-m-04-hu.wav,Derived from UUID pattern
360,ca7d8d54-13cb-4060-8db4-90651b60c078-1434674769219-1.7-f-26-hu.wav,3,CA7D8D54-13CB-4060-8DB4-90651B60C078,ca7d8d54-13cb-4060-8db4-90651b60c078-1434674769219-1.7-f-26-hu.wav,Derived from UUID pattern
361,ca7d8d54-13cb-4060-8db4-90651b60c078-1434674792223-1.7-f-26-ti.wav,4,CA7D8D54-13CB-4060-8DB4-90651B60C078,ca7d8d54-13cb-4060-8db4-90651b60c078-1434674792223-1.7-f-26-ti.wav,Derived from UUID pattern
362,CC8771B1-C84E-4223-A010-029A7629A975-1434107299-1.1-f-04-hu.wav,3,CC8771B1-C84E-4223-A010-029A7629A975,CC8771B1-C84E-4223-A010-029A7629A975-1434107299-1.1-f-04-hu.wav,Derived from UUID pattern
363,cda99fcf-d010-47b4-8987-f54be313ddbd-1429973787766-1.7-f-26-hu.wav,3,CDA99FCF-D010-47B4-8987-F54BE313DDBD,cda99fcf-d010-47b4-8987-f54be313ddbd-1429973787766-1.7-f-26-hu.wav,Derived from UUID pattern
364,cde108d0-62c3-47f8-82c4-233c9fba5cdd-1436884406827-1.7-m-48-hu.wav,3,CDE108D0-62C3-47F8-82C4-233C9FBA5CDD,cde108d0-62c3-47f8-82c4-233c9fba5cdd-1436884406827-1.7-m-48-hu.wav,Derived from UUID pattern
365,cde108d0-62c3-47f8-82c4-233c9fba5cdd-1436884444242-1.7-m-48-hu.wav,3,CDE108D0-62C3-47F8-82C4-233C9FBA5CDD,cde108d0-62c3-47f8-82c4-233c9fba5cdd-1436884444242-1.7-m-48-hu.wav,Derived from UUID pattern
366,cecd525b-18fd-49e3-b2b9-dfb08b93ad95-1430109958636-1.7-m-26-hu.wav,3,CECD525B-18FD-49E3-B2B9-DFB08B93AD95,cecd525b-18fd-49e3-b2b9-dfb08b93ad95-1430109958636-1.7-m-26-hu.wav,Derived from UUID pattern
367,cecd525b-18fd-49e3-b2b9-dfb08b93ad95-1430110029205-1.7-m-26-ti.wav,4,CECD525B-18FD-49E3-B2B9-DFB08B93AD95,cecd525b-18fd-49e3-b2b9-dfb08b93ad95-1430110029205-1.7-m-26-ti.wav,Derived from UUID pattern
368,D18A30C6-4370-4BE0-83F8-031892F96603-1432989796-1.1-f-04-hu.wav,3,D18A30C6-4370-4BE0-83F8-031892F96603,D18A30C6-4370-4BE0-83F8-031892F96603-1432989796-1.1-f-04-hu.wav,Derived from UUID pattern
369,D1CB71F9-EF76-49B3-A703-41D557444D21-1436863366-1.1-m-04-hu.wav,3,D1CB71F9-EF76-49B3-A703-41D557444D21,D1CB71F9-EF76-49B3-A703-41D557444D21-1436863366-1.1-m-04-hu.wav,Derived from UUID pattern
370,D1CB71F9-EF76-49B3-A703-41D557444D21-1436863375-1.1-m-04-hu.wav,3,D1CB71F9-EF76-49B3-A703-41D557444D21,D1CB71F9-EF76-49B3-A703-41D557444D21-1436863375-1.1-m-04-hu.wav,Derived from UUID pattern
371,D1CB71F9-EF76-49B3-A703-41D557444D21-1436863419-1.1-f-26-dc.wav,2,D1CB71F9-EF76-49B3-A703-41D557444D21,D1CB71F9-EF76-49B3-A703-41D557444D21-1436863419-1.1-f-26-dc.wav,Derived from UUID pattern
372,d1e236a0-e030-4137-9030-5625026cd098-1430477951092-1.2-m-04-hu.wav,3,D1E236A0-E030-4137-9030-5625026CD098,d1e236a0-e030-4137-9030-5625026cd098-1430477951092-1.2-m-04-hu.wav,Derived from UUID pattern
373,d1e236a0-e030-4137-9030-5625026cd098-1430477960643-1.2-m-04-hu.wav,3,D1E236A0-E030-4137-9030-5625026CD098,d1e236a0-e030-4137-9030-5625026cd098-1430477960643-1.2-m-04-hu.wav,Derived from UUID pattern
374,D4665929-8695-4655-927F-63F09B2D4CB8-1430726940-1.0-f-26-ti.wav,4,D4665929-8695-4655-927F-63F09B2D4CB8,D4665929-8695-4655-927F-63F09B2D4CB8-1430726940-1.0-f-26-ti.wav,Derived from UUID pattern
375,D54D9C2A-56ED-4338-9D1F-2ADB4E081DAD-1429807587-1.0-m-48-hu.wav,3,D54D9C2A-56ED-4338-9D1F-2ADB4E081DAD,D54D9C2A-56ED-4338-9D1F-2ADB4E081DAD-1429807587-1.0-m-48-hu.wav,Derived from UUID pattern
376,D54D9C2A-56ED-4338-9D1F-2ADB4E081DAD-1429807598-1.0-m-48-hu.wav,3,D54D9C2A-56ED-4338-9D1F-2ADB4E081DAD,D54D9C2A-56ED-4338-9D1F-2ADB4E081DAD-1429807598-1.0-m-48-hu.wav,Derived from UUID pattern
377,D54D9C2A-56ED-4338-9D1F-2ADB4E081DAD-1430036283-1.0-m-48-hu.wav,3,D54D9C2A-56ED-4338-9D1F-2ADB4E081DAD,D54D9C2A-56ED-4338-9D1F-2ADB4E081DAD-1430036283-1.0-m-48-hu.wav,Derived from UUID pattern
378,D54D9C2A-56ED-4338-9D1F-2ADB4E081DAD-1430036301-1.0-m-48-hu.wav,3,D54D9C2A-56ED-4338-9D1F-2ADB4E081DAD,D54D9C2A-56ED-4338-9D1F-2ADB4E081DAD-1430036301-1.0-m-48-hu.wav,Derived from UUID pattern
379,d5abedab-9ed5-48d0-a83b-fc00c33d6d6b-1430079192907-1.7-f-04-ti.wav,4,D5ABEDAB-9ED5-48D0-A83B-FC00C33D6D6B,d5abedab-9ed5-48d0-a83b-fc00c33d6d6b-1430079192907-1.7-f-04-ti.wav,Derived from UUID pattern
380,d6cda191-4962-4308-9a36-46d5648a95ed-1426942891562-1.4-f-48-dc.wav,2,D6CDA191-4962-4308-9A36-46D5648A95ED,d6cda191-4962-4308-9a36-46d5648a95ed-1426942891562-1.4-f-48-dc.wav,Derived from UUID pattern
381,d6cda191-4962-4308-9a36-46d5648a95ed-1428333797380-1.5-f-26-hu.wav,3,D6CDA191-4962-4308-9A36-46D5648A95ED,d6cda191-4962-4308-9a36-46d5648a95ed-1428333797380-1.5-f-26-hu.wav,Derived from UUID pattern
382,d6cda191-4962-4308-9a36-46d5648a95ed-1430640304482-1.7-m-04-hu.wav,3,D6CDA191-4962-4308-9A36-46D5648A95ED,d6cda191-4962-4308-9a36-46d5648a95ed-1430640304482-1.7-m-04-hu.wav,Derived from UUID pattern
383,d6cda191-4962-4308-9a36-46d5648a95ed-1431086262776-1.7-m-04-ch.wav,2,D6CDA191-4962-4308-9A36-46D5648A95ED,d6cda191-4962-4308-9a36-46d5648a95ed-1431086262776-1.7-m-04-ch.wav,Derived from UUID pattern
384,d6cda191-4962-4308-9a36-46d5648a95ed-1431159262344-1.7-m-04-bp.wav,0,D6CDA191-4962-4308-9A36-46D5648A95ED,d6cda191-4962-4308-9a36-46d5648a95ed-1431159262344-1.7-m-04-bp.wav,Derived from UUID pattern
385,d6cda191-4962-4308-9a36-46d5648a95ed-1431159272600-1.7-m-04-bp.wav,0,D6CDA191-4962-4308-9A36-46D5648A95ED,d6cda191-4962-4308-9a36-46d5648a95ed-1431159272600-1.7-m-04-bp.wav,Derived from UUID pattern
386,d6cda191-4962-4308-9a36-46d5648a95ed-1431161889263-1.7-m-04-dc.wav,2,D6CDA191-4962-4308-9A36-46D5648A95ED,d6cda191-4962-4308-9a36-46d5648a95ed-1431161889263-1.7-m-04-dc.wav,Derived from UUID pattern
387,d6cda191-4962-4308-9a36-46d5648a95ed-1431587887997-1.7-m-04-ti.wav,4,D6CDA191-4962-4308-9A36-46D5648A95ED,d6cda191-4962-4308-9a36-46d5648a95ed-1431587887997-1.7-m-04-ti.wav,Derived from UUID pattern
388,d6cda191-4962-4308-9a36-46d5648a95ed-1431587899682-1.7-m-04-ti.wav,4,D6CDA191-4962-4308-9A36-46D5648A95ED,d6cda191-4962-4308-9a36-46d5648a95ed-1431587899682-1.7-m-04-ti.wav,Derived from UUID pattern
389,d6cda191-4962-4308-9a36-46d5648a95ed-1431616581736-1.7-m-04-ti.wav,4,D6CDA191-4962-4308-9A36-46D5648A95ED,d6cda191-4962-4308-9a36-46d5648a95ed-1431616581736-1.7-m-04-ti.wav,Derived from UUID pattern
390,d6cda191-4962-4308-9a36-46d5648a95ed-1431700390946-1.7-m-04-bp.wav,0,D6CDA191-4962-4308-9A36-46D5648A95ED,d6cda191-4962-4308-9a36-46d5648a95ed-1431700390946-1.7-m-04-bp.wav,Derived from UUID pattern
391,d6cda191-4962-4308-9a36-46d5648a95ed-1431882032820-1.7-m-04-hu.wav,3,D6CDA191-4962-4308-9A36-46D5648A95ED,d6cda191-4962-4308-9a36-46d5648a95ed-1431882032820-1.7-m-04-hu.wav,Derived from UUID pattern
392,d6cda191-4962-4308-9a36-46d5648a95ed-1431882043380-1.7-m-04-hu.wav,3,D6CDA191-4962-4308-9A36-46D5648A95ED,d6cda191-4962-4308-9a36-46d5648a95ed-1431882043380-1.7-m-04-hu.wav,Derived from UUID pattern
393,d79affbc-f7b4-4ef0-ae57-be5da4b827bf-1430761514476-1.7-m-72-hu.wav,3,D79AFFBC-F7B4-4EF0-AE57-BE5DA4B827BF,d79affbc-f7b4-4ef0-ae57-be5da4b827bf-1430761514476-1.7-m-72-hu.wav,Derived from UUID pattern
394,d79affbc-f7b4-4ef0-ae57-be5da4b827bf-1430761528998-1.7-m-72-hu.wav,3,D79AFFBC-F7B4-4EF0-AE57-BE5DA4B827BF,d79affbc-f7b4-4ef0-ae57-be5da4b827bf-1430761528998-1.7-m-72-hu.wav,Derived from UUID pattern
395,D833237F-1F7C-4338-BEDE-84C0CF5F4145-1430083995-1.0-f-26-hu.wav,3,D833237F-1F7C-4338-BEDE-84C0CF5F4145,D833237F-1F7C-4338-BEDE-84C0CF5F4145-1430083995-1.0-f-26-hu.wav,Derived from UUID pattern
396,D833237F-1F7C-4338-BEDE-84C0CF5F4145-1430084007-1.0-f-26-hu.wav,3,D833237F-1F7C-4338-BEDE-84C0CF5F4145,D833237F-1F7C-4338-BEDE-84C0CF5F4145-1430084007-1.0-f-26-hu.wav,Derived from UUID pattern
397,DB95BF4A-E3E5-4429-A660-DBBCF486E6DF-1430664611-1.0-f-72-hu.wav,3,DB95BF4A-E3E5-4429-A660-DBBCF486E6DF,DB95BF4A-E3E5-4429-A660-DBBCF486E6DF-1430664611-1.0-f-72-hu.wav,Derived from UUID pattern
398,DB95BF4A-E3E5-4429-A660-DBBCF486E6DF-1430664633-1.0-f-72-hu.wav,3,DB95BF4A-E3E5-4429-A660-DBBCF486E6DF,DB95BF4A-E3E5-4429-A660-DBBCF486E6DF-1430664633-1.0-f-72-hu.wav,Derived from UUID pattern
399,DBA77EDC-D457-4B3A-83B8-B7AFBF272D4E-1436860486-1.1-m-72-hu.wav,3,DBA77EDC-D457-4B3A-83B8-B7AFBF272D4E,DBA77EDC-D457-4B3A-83B8-B7AFBF272D4E-1436860486-1.1-m-72-hu.wav,Derived from UUID pattern
400,dc5429de-26b4-48e2-bc47-bc607b9bba06-1430741828918-1.7-f-72-hu.wav,3,DC5429DE-26B4-48E2-BC47-BC607B9BBA06,dc5429de-26b4-48e2-bc47-bc607b9bba06-1430741828918-1.7-f-72-hu.wav,Derived from UUID pattern
401,DCB33551-F9BA-4B4A-8DA1-A3107E1AD859-1430406483-1.0-m-04-hu.wav,3,DCB33551-F9BA-4B4A-8DA1-A3107E1AD859,DCB33551-F9BA-4B4A-8DA1-A3107E1AD859-1430406483-1.0-m-04-hu.wav,Derived from UUID pattern
402,DCB33551-F9BA-4B4A-8DA1-A3107E1AD859-1430406495-1.0-m-04-hu.wav,3,DCB33551-F9BA-4B4A-8DA1-A3107E1AD859,DCB33551-F9BA-4B4A-8DA1-A3107E1AD859-1430406495-1.0-m-04-hu.wav,Derived from UUID pattern
403,e0717ce2-da25-417c-89a5-58d7175f4a6d-1436966513203-1.7-m-26-hu.wav,3,E0717CE2-DA25-417C-89A5-58D7175F4A6D,e0717ce2-da25-417c-89a5-58d7175f4a6d-1436966513203-1.7-m-26-hu.wav,Derived from UUID pattern
404,e0cc5beb-50e5-46ef-852e-c92106216e62-1430143334661-1.7-m-04-hu.wav,3,E0CC5BEB-50E5-46EF-852E-C92106216E62,e0cc5beb-50e5-46ef-852e-c92106216e62-1430143334661-1.7-m-04-hu.wav,Derived from UUID pattern
405,e1e640e2-78cb-4cb7-9ccc-93813bfc251c-1430738640598-1.7-m-72-hu.wav,3,E1E640E2-78CB-4CB7-9CCC-93813BFC251C,e1e640e2-78cb-4cb7-9ccc-93813bfc251c-1430738640598-1.7-m-72-hu.wav,Derived from UUID pattern
406,e1e640e2-78cb-4cb7-9ccc-93813bfc251c-1430738652322-1.7-m-72-hu.wav,3,E1E640E2-78CB-4CB7-9CCC-93813BFC251C,e1e640e2-78cb-4cb7-9ccc-93813bfc251c-1430738652322-1.7-m-72-hu.wav,Derived from UUID pattern
407,E2C4BCE0-99FD-49EC-8AB1-5EA5DF7DD8C5-1430042952-1.0-m-04-hu.wav,3,E2C4BCE0-99FD-49EC-8AB1-5EA5DF7DD8C5,E2C4BCE0-99FD-49EC-8AB1-5EA5DF7DD8C5-1430042952-1.0-m-04-hu.wav,Derived from UUID pattern
408,e36730a9-d62b-4752-856f-b42feb1585df-1429975817524-1.7-m-04-hu.wav,3,E36730A9-D62B-4752-856F-B42FEB1585DF,e36730a9-d62b-4752-856f-b42feb1585df-1429975817524-1.7-m-04-hu.wav,Derived from UUID pattern
409,e37c323c-0edb-4942-be47-3cc0b2de00a1-1434392919844-1.7-f-26-hu.wav,3,E37C323C-0EDB-4942-BE47-3CC0B2DE00A1,e37c323c-0edb-4942-be47-3cc0b2de00a1-1434392919844-1.7-f-26-hu.wav,Derived from UUID pattern
410,e37c323c-0edb-4942-be47-3cc0b2de00a1-1434392936735-1.7-f-26-hu.wav,3,E37C323C-0EDB-4942-BE47-3CC0B2DE00A1,e37c323c-0edb-4942-be47-3cc0b2de00a1-1434392936735-1.7-f-26-hu.wav,Derived from UUID pattern
411,e4051e62-d21d-4bb8-a235-fd7e859ad787-1430739655763-1.7-m-04-hu.wav,3,E4051E62-D21D-4BB8-A235-FD7E859AD787,e4051e62-d21d-4bb8-a235-fd7e859ad787-1430739655763-1.7-m-04-hu.wav,Derived from UUID pattern
412,e4051e62-d21d-4bb8-a235-fd7e859ad787-1430740613780-1.7-f-72-hu.wav,3,E4051E62-D21D-4BB8-A235-FD7E859AD787,e4051e62-d21d-4bb8-a235-fd7e859ad787-1430740613780-1.7-f-72-hu.wav,Derived from UUID pattern
413,EC2E1160-BC33-450A-A62D-DE2A4C0D42BB-1430039051-1.0-f-48-hu.wav,3,EC2E1160-BC33-450A-A62D-DE2A4C0D42BB,EC2E1160-BC33-450A-A62D-DE2A4C0D42BB-1430039051-1.0-f-48-hu.wav,Derived from UUID pattern
414,eccb4617-8373-4c4f-b49e-bb2d72bce8d8-1430035348191-1.7-m-26-hu.wav,3,ECCB4617-8373-4C4F-B49E-BB2D72BCE8D8,eccb4617-8373-4c4f-b49e-bb2d72bce8d8-1430035348191-1.7-m-26-hu.wav,Derived from UUID pattern
415,ed31b187-34af-4ff1-979c-3b8a5905fb7b-1430044808480-1.7-m-04-hu.wav,3,ED31B187-34AF-4FF1-979C-3B8A5905FB7B,ed31b187-34af-4ff1-979c-3b8a5905fb7b-1430044808480-1.7-m-04-hu.wav,Derived from UUID pattern
416,ed31b187-34af-4ff1-979c-3b8a5905fb7b-1430044853892-1.7-f-04-hu.wav,3,ED31B187-34AF-4FF1-979C-3B8A5905FB7B,ed31b187-34af-4ff1-979c-3b8a5905fb7b-1430044853892-1.7-f-04-hu.wav,Derived from UUID pattern
417,ed31b187-34af-4ff1-979c-3b8a5905fb7b-1430044897699-1.7-f-48-hu.wav,3,ED31B187-34AF-4FF1-979C-3B8A5905FB7B,ed31b187-34af-4ff1-979c-3b8a5905fb7b-1430044897699-1.7-f-48-hu.wav,Derived from UUID pattern
418,ed31b187-34af-4ff1-979c-3b8a5905fb7b-1430045366784-1.7-f-04-hu.wav,3,ED31B187-34AF-4FF1-979C-3B8A5905FB7B,ed31b187-34af-4ff1-979c-3b8a5905fb7b-1430045366784-1.7-f-04-hu.wav,Derived from UUID pattern
419,edb5924c-07ba-4eaa-838b-aaf9511a219b-1431894189631-1.7-m-48-hu.wav,3,EDB5924C-07BA-4EAA-838B-AAF9511A219B,edb5924c-07ba-4eaa-838b-aaf9511a219b-1431894189631-1.7-m-48-hu.wav,Derived from UUID pattern
420,edb5924c-07ba-4eaa-838b-aaf9511a219b-1431899400326-1.7-m-48-hu.wav,3,EDB5924C-07BA-4EAA-838B-AAF9511A219B,edb5924c-07ba-4eaa-838b-aaf9511a219b-1431899400326-1.7-m-48-hu.wav,Derived from UUID pattern
421,eea17285-4ab9-4d34-a2f5-55fc8c866ac6-1431887695278-1.7-f-26-ti.wav,4,EEA17285-4AB9-4D34-A2F5-55FC8C866AC6,eea17285-4ab9-4d34-a2f5-55fc8c866ac6-1431887695278-1.7-f-26-ti.wav,Derived from UUID pattern
422,efd13da0-d40e-48bc-b14e-dee28af4d3c6-1430728179252-1.7-m-22-hu.wav,3,EFD13DA0-D40E-48BC-B14E-DEE28AF4D3C6,efd13da0-d40e-48bc-b14e-dee28af4d3c6-1430728179252-1.7-m-22-hu.wav,Derived from UUID pattern
423,F1AF5794-AD3B-4181-B010-AB835E5BDA64-1430441342-1.0-m-72-hu.wav,3,F1AF5794-AD3B-4181-B010-AB835E5BDA64,F1AF5794-AD3B-4181-B010-AB835E5BDA64-1430441342-1.0-m-72-hu.wav,Derived from UUID pattern
424,F24DE44B-762C-4149-AC92-96A5E57ED118-1430816918-1.0-m-04-hu.wav,3,F24DE44B-762C-4149-AC92-96A5E57ED118,F24DE44B-762C-4149-AC92-96A5E57ED118-1430816918-1.0-m-04-hu.wav,Derived from UUID pattern
425,F24DE44B-762C-4149-AC92-96A5E57ED118-1430816936-1.0-m-04-hu.wav,3,F24DE44B-762C-4149-AC92-96A5E57ED118,F24DE44B-762C-4149-AC92-96A5E57ED118-1430816936-1.0-m-04-hu.wav,Derived from UUID pattern
426,F24DE44B-762C-4149-AC92-96A5E57ED118-1430816949-1.0-m-04-bu.wav,1,F24DE44B-762C-4149-AC92-96A5E57ED118,F24DE44B-762C-4149-AC92-96A5E57ED118-1430816949-1.0-m-04-bu.wav,Derived from UUID pattern
427,f258a8e2-92cd-4843-9da4-80ed26ec8e10-1436944996156-1.7-f-26-ch.wav,2,F258A8E2-92CD-4843-9DA4-80ED26EC8E10,f258a8e2-92cd-4843-9da4-80ed26ec8e10-1436944996156-1.7-f-26-ch.wav,Derived from UUID pattern
428,F2F97740-D638-4B6F-9E09-3AC65F06B448-1436849313-1.1-f-48-hu.wav,3,F2F97740-D638-4B6F-9E09-3AC65F06B448,F2F97740-D638-4B6F-9E09-3AC65F06B448-1436849313-1.1-f-48-hu.wav,Derived from UUID pattern
429,F2F97740-D638-4B6F-9E09-3AC65F06B448-1436849335-1.1-f-48-hu.wav,3,F2F97740-D638-4B6F-9E09-3AC65F06B448,F2F97740-D638-4B6F-9E09-3AC65F06B448-1436849335-1.1-f-48-hu.wav,Derived from UUID pattern
430,F3BAEDDA-CDC0-4A65-90EE-5C372CEE4F3B-1437012044-1.1-m-26-hu.wav,3,F3BAEDDA-CDC0-4A65-90EE-5C372CEE4F3B,F3BAEDDA-CDC0-4A65-90EE-5C372CEE4F3B-1437012044-1.1-m-26-hu.wav,Derived from UUID pattern
431,F3BAEDDA-CDC0-4A65-90EE-5C372CEE4F3B-1437012059-1.1-m-26-hu.wav,3,F3BAEDDA-CDC0-4A65-90EE-5C372CEE4F3B,F3BAEDDA-CDC0-4A65-90EE-5C372CEE4F3B-1437012059-1.1-m-26-hu.wav,Derived from UUID pattern
432,F3BAEDDA-CDC0-4A65-90EE-5C372CEE4F3B-1437012076-1.1-f-26-hu.wav,3,F3BAEDDA-CDC0-4A65-90EE-5C372CEE4F3B,F3BAEDDA-CDC0-4A65-90EE-5C372CEE4F3B-1437012076-1.1-f-26-hu.wav,Derived from UUID pattern
433,F4A0C710-AC2D-42E0-8EA9-3E4CAC31EE20-1430318390-1.0-m-04-hu.wav,3,F4A0C710-AC2D-42E0-8EA9-3E4CAC31EE20,F4A0C710-AC2D-42E0-8EA9-3E4CAC31EE20-1430318390-1.0-m-04-hu.wav,Derived from UUID pattern
434,F4A0C710-AC2D-42E0-8EA9-3E4CAC31EE20-1430318400-1.0-m-04-hu.wav,3,F4A0C710-AC2D-42E0-8EA9-3E4CAC31EE20,F4A0C710-AC2D-42E0-8EA9-3E4CAC31EE20-1430318400-1.0-m-04-hu.wav,Derived from UUID pattern
435,F4A0C710-AC2D-42E0-8EA9-3E4CAC31EE20-1430318416-1.0-m-04-hu.wav,3,F4A0C710-AC2D-42E0-8EA9-3E4CAC31EE20,F4A0C710-AC2D-42E0-8EA9-3E4CAC31EE20-1430318416-1.0-m-04-hu.wav,Derived from UUID pattern
436,F4A65A98-ADEE-49C4-9B45-65A8429DF170-1430232330-1.0-m-72-hu.wav,3,F4A65A98-ADEE-49C4-9B45-65A8429DF170,F4A65A98-ADEE-49C4-9B45-65A8429DF170-1430232330-1.0-m-72-hu.wav,Derived from UUID pattern
437,f5b29377-7cd6-4688-942c-5a07add39dc5-1437178455960-1.7-f-26-hu.wav,3,F5B29377-7CD6-4688-942C-5A07ADD39DC5,f5b29377-7cd6-4688-942c-5a07add39dc5-1437178455960-1.7-f-26-hu.wav,Derived from UUID pattern
438,f5b29377-7cd6-4688-942c-5a07add39dc5-1437480263225-1.7-f-26-dc.wav,2,F5B29377-7CD6-4688-942C-5A07ADD39DC5,f5b29377-7cd6-4688-942c-5a07add39dc5-1437480263225-1.7-f-26-dc.wav,Derived from UUID pattern
439,F6C6D3EE-F139-48A4-9EAC-0A50EB011CDC-1430103957-1.0-m-04-hu.wav,3,F6C6D3EE-F139-48A4-9EAC-0A50EB011CDC,F6C6D3EE-F139-48A4-9EAC-0A50EB011CDC-1430103957-1.0-m-04-hu.wav,Derived from UUID pattern
440,F6C6D3EE-F139-48A4-9EAC-0A50EB011CDC-1430103974-1.0-m-04-hu.wav,3,F6C6D3EE-F139-48A4-9EAC-0A50EB011CDC,F6C6D3EE-F139-48A4-9EAC-0A50EB011CDC-1430103974-1.0-m-04-hu.wav,Derived from UUID pattern
441,f896b69d-6241-4b51-9c45-0d628bc827c1-1430090255303-1.7-m-04-hu.wav,3,F896B69D-6241-4B51-9C45-0D628BC827C1,f896b69d-6241-4b51-9c45-0d628bc827c1-1430090255303-1.7-m-04-hu.wav,Derived from UUID pattern
442,f896b69d-6241-4b51-9c45-0d628bc827c1-1430090274181-1.7-m-04-hu.wav,3,F896B69D-6241-4B51-9C45-0D628BC827C1,f896b69d-6241-4b51-9c45-0d628bc827c1-1430090274181-1.7-m-04-hu.wav,Derived from UUID pattern
443,f896b69d-6241-4b51-9c45-0d628bc827c1-1430090400166-1.7-m-72-hu.wav,3,F896B69D-6241-4B51-9C45-0D628BC827C1,f896b69d-6241-4b51-9c45-0d628bc827c1-1430090400166-1.7-m-72-hu.wav,Derived from UUID pattern
444,F950E7E3-A1A5-4A01-99F4-9B155C3C6606-1430305696-1.0-m-72-hu.wav,3,F950E7E3-A1A5-4A01-99F4-9B155C3C6606,F950E7E3-A1A5-4A01-99F4-9B155C3C6606-1430305696-1.0-m-72-hu.wav,Derived from UUID pattern
445,F95D4BCE-2FB0-4A0C-A058-BFB0674539AF-1430055800-1.0-m-26-hu.wav,3,F95D4BCE-2FB0-4A0C-A058-BFB0674539AF,F95D4BCE-2FB0-4A0C-A058-BFB0674539AF-1430055800-1.0-m-26-hu.wav,Derived from UUID pattern
446,F95D4BCE-2FB0-4A0C-A058-BFB0674539AF-1430055809-1.0-m-26-hu.wav,3,F95D4BCE-2FB0-4A0C-A058-BFB0674539AF,F95D4BCE-2FB0-4A0C-A058-BFB0674539AF-1430055809-1.0-m-26-hu.wav,Derived from UUID pattern
447,F95D4BCE-2FB0-4A0C-A058-BFB0674539AF-1430055950-1.0-m-26-hu.wav,3,F95D4BCE-2FB0-4A0C-A058-BFB0674539AF,F95D4BCE-2FB0-4A0C-A058-BFB0674539AF-1430055950-1.0-m-26-hu.wav,Derived from UUID pattern
448,fa8620d3-e7db-4101-aff0-28dbf0d96a5f-1434296505682-1.7-f-04-hu.wav,3,FA8620D3-E7DB-4101-AFF0-28DBF0D96A5F,fa8620d3-e7db-4101-aff0-28dbf0d96a5f-1434296505682-1.7-f-04-hu.wav,Derived from UUID pattern
449,fa8620d3-e7db-4101-aff0-28dbf0d96a5f-1434465485354-1.7-f-04-hu.wav,3,FA8620D3-E7DB-4101-AFF0-28DBF0D96A5F,fa8620d3-e7db-4101-aff0-28dbf0d96a5f-1434465485354-1.7-f-04-hu.wav,Derived from UUID pattern
450,FAE74A94-9968-43ED-958C-50D7C4C1F13C-1430770858-1.0-f-22-hu.wav,3,FAE74A94-9968-43ED-958C-50D7C4C1F13C,FAE74A94-9968-43ED-958C-50D7C4C1F13C-1430770858-1.0-f-22-hu.wav,Derived from UUID pattern
451,FAE74A94-9968-43ED-958C-50D7C4C1F13C-1430770871-1.0-f-22-hu.wav,3,FAE74A94-9968-43ED-958C-50D7C4C1F13C,FAE74A94-9968-43ED-958C-50D7C4C1F13C-1430770871-1.0-f-22-hu.wav,Derived from UUID pattern
452,FF2CD2F6-404D-4626-8718-6E6C751F63B8-1431104337-1.0-m-04-hu.wav,3,FF2CD2F6-404D-4626-8718-6E6C751F63B8,FF2CD2F6-404D-4626-8718-6E6C751F63B8-1431104337-1.0-m-04-hu.wav,Derived from UUID pattern
453,FF2CD2F6-404D-4626-8718-6E6C751F63B8-1431104346-1.0-m-04-hu.wav,3,FF2CD2F6-404D-4626-8718-6E6C751F63B8,FF2CD2F6-404D-4626-8718-6E6C751F63B8-1431104346-1.0-m-04-hu.wav,Derived from UUID pattern
454,FF2CD2F6-404D-4626-8718-6E6C751F63B8-1431104360-1.0-m-04-hu.wav,3,FF2CD2F6-404D-4626-8718-6E6C751F63B8,FF2CD2F6-404D-4626-8718-6E6C751F63B8-1431104360-1.0-m-04-hu.wav,Derived from UUID pattern
455,FF2CD2F6-404D-4626-8718-6E6C751F63B8-1431104396-1.0-m-04-hu.wav,3,FF2CD2F6-404D-4626-8718-6E6C751F63B8,FF2CD2F6-404D-4626-8718-6E6C751F63B8-1431104396-1.0-m-04-hu.wav,Derived from UUID pattern
456,FF482278-24C9-4FB0-A7BE-FD92D1FE17B4-1430028319-1.0-m-26-hu.wav,3,FF482278-24C9-4FB0-A7BE-FD92D1FE17B4,FF482278-24C9-4FB0-A7BE-FD92D1FE17B4-1430028319-1.0-m-26-hu.wav,Derived from UUID pattern
